#,#,#,26,26,26,26,26,26,26,26,28,28,28,28,28,28,28,28,28,28,28,28,28,28,28,28,28,28,28,28,28,28,29,29,29,30,30,30,31,32,32,32,32,33,33,
#,#,#,Name,Axis length - X,Axis size - X,Axis spacing - X,Axis length - Y,Axis size - Y,Axis spacing - Y,NM-points ratio - Z,Sq,Ssk,Sku,Sp,Sv,Sz,Sa,Smr (c = 1000 nm below highest peak),Smc (p = 10%),Sxp (p = 50%  q = 97.5%),Sal (s = 0.2),Str (s = 0.2),Std (Reference angle = 0°),Ssw,Sdq,Sdr,Vm (p = 10%),Vv (p = 10%),Vmp (p = 10%),Vmc (p = 10%  q = 80%),Vvc (p = 10%  q = 80%),Vvv (p = 80%),Maximum depth of furrows,Mean depth of furrows,Mean density of furrows,First direction,Second direction,Third direction,Texture isotropy,Fractal complexity (Asfc),Scale of max complexity (Smfc),HAsfc9 (HAsfc9),HAsfc81 (HAsfc81),Length-scale anisotropy (Sfrax) (epLsar),Length-scale anisotropy (NewEplsar),
#,#,#,<no unit>,µm,points,µm,µm,points,µm,%,nm,<no unit>,<no unit>,nm,nm,nm,nm,%,nm,nm,µm,<no unit>,°,µm,<no unit>,%,µm³/µm²,µm³/µm²,µm³/µm²,µm³/µm²,µm³/µm²,µm³/µm²,nm,nm,cm/cm2,°,°,°,%,<no unit>,µm²,<no unit>,<no unit>,<no unit>,<no unit>,
2024/06/17,11:33:59,D:\Data\Riczar\10_Mountains-analysis\ConfoMap_shift-extract files\ISEA-2_STA --- ISEA-Chert-A1_LSM_20x-0.70_dorsal_loc1_shift-extract_0strokes.mnt,ISEA-Chert-A1_LSM_20x-0.70_dorsal_loc1_shift-extract_0strokes > S-filtered (Lambda-s 2.50 µm) > Leveled (LS-plane) > Form removed (LS-poly 8) > Outliers removed > Thresholded (0.100 % ; 99.9 %),100.045928,690,0.1452045399,100.045928,690,0.1452045399,0.199957992,357.3100043,0.2142039482,3.572470153,1419.576102,1545.303564,2964.879665,280.9126963,11.76356891,457.6619638,635.0390839,4.873127241,0.7581493861,12.98930067,0.4248838084,0.2997759573,4.213510718,0.02065507767,0.4783037437,0.02065507767,0.3087764946,0.442046657,0.03625708677,1942.645932,618.3156029,4525.126446,0.008557293329,135.0226689,153.5546248,71.19962688,9.485112657,1.124339164,0.1154264841,0.3151333336,0.001508254735,0.01833031405,
2024/06/17,11:34:14,D:\Data\Riczar\10_Mountains-analysis\ConfoMap_shift-extract files\ISEA-2_STA --- ISEA-Chert-A1_LSM_20x-0.70_dorsal_loc1_shift-extract_2000strokes.mnt,ISEA-Chert-A1_LSM_20x-0.70_dorsal_loc1_shift-extract_2000strokes > S-filtered (Lambda-s 2.50 µm) > Leveled (LS-plane) > Form removed (LS-poly 8) > Outliers removed > Thresholded (0.100 % ; 99.9 %),100.045928,690,0.1452045399,100.045928,690,0.1452045399,0.199957992,191.098347,-1.113060972,5.748939883,461.636368,914.8954458,1376.531814,137.9228996,97.77223198,203.5721089,538.2645053,5.211629034,0.5687682374,3.488484842,0.4248838084,0.1077379432,0.5674549774,0.008262461435,0.2118331583,0.008262461435,0.1410963832,0.1781941588,0.03363899956,1100.149344,288.0930895,3018.786478,179.9959727,44.98590072,134.9966958,52.59435919,0.8677972883,1.993685999,0.3643206898,1.338234209,0.002329623452,0.01866926505,
2024/06/17,11:34:29,D:\Data\Riczar\10_Mountains-analysis\ConfoMap_shift-extract files\ISEA-2_STA --- ISEA-Chert-A1_LSM_20x-0.70_dorsal_loc2_shift-extract_0strokes.mnt,ISEA-Chert-A1_LSM_20x-0.70_dorsal_loc2_shift-extract_0strokes > S-filtered (Lambda-s 2.50 µm) > Leveled (LS-plane) > Form removed (LS-poly 8) > Outliers removed > Thresholded (0.100 % ; 99.9 %),100.045928,690,0.1452045399,100.045928,690,0.1452045399,0.199957992,471.9081352,0.1782349483,3.617311939,1680.023771,1554.456194,3234.479964,363.2579132,8.120663738,610.6843806,877.8419055,4.882320124,0.7032365061,122.2382235,0.4248838084,0.3679264124,6.192882483,0.02790831635,0.638574011,0.02790831635,0.388066503,0.5852113083,0.05336270273,2275.049793,849.3012724,4494.570357,135.032573,0.01062171041,89.9877501,70.93291413,13.86047929,1.124339164,0.08100961788,0.2650550944,0.0009464415845,0.01791760554,
2024/06/17,11:34:43,D:\Data\Riczar\10_Mountains-analysis\ConfoMap_shift-extract files\ISEA-2_STA --- ISEA-Chert-A1_LSM_20x-0.70_dorsal_loc2_shift-extract_2000strokes.mnt,ISEA-Chert-A1_LSM_20x-0.70_dorsal_loc2_shift-extract_2000strokes > S-filtered (Lambda-s 2.50 µm) > Leveled (LS-plane) > Form removed (LS-poly 8) > Outliers removed > Thresholded (0.100 % ; 99.9 %),100.045928,690,0.1452045399,100.045928,690,0.1452045399,0.1997479521,341.9963087,-0.4827665534,3.993074559,971.5409887,1339.231019,2310.772008,257.0249141,57.82411091,397.9081922,825.3226558,5.274231682,0.6848816212,175.9984065,0.4248838084,0.1962780616,1.82887364,0.01743816527,0.4153293317,0.01743816527,0.2731001371,0.3623891563,0.0529401754,1627.003742,577.8516544,3191.931152,89.99939109,135.0149268,179.9896475,68.88923084,2.864134488,3.767524759,0.4563153235,0.9349029537,0.001365762769,0.01812746064,
2024/06/17,11:34:58,D:\Data\Riczar\10_Mountains-analysis\ConfoMap_shift-extract files\ISEA-2_STA --- ISEA-Chert-A1_LSM_20x-0.70_ventral_loc1_shift-extract_0strokes.mnt,ISEA-Chert-A1_LSM_20x-0.70_ventral_loc1_shift-extract_0strokes > S-filtered (Lambda-s 2.50 µm) > Leveled (LS-plane) > Form removed (LS-poly 8) > Outliers removed > Thresholded (0.100 % ; 99.9 %),100.045928,690,0.1452045399,100.045928,690,0.1452045399,0.1997479521,494.3200158,0.1601630524,3.540428899,1865.51752,1782.40934,3647.926859,383.6674209,4.769772956,599.8546361,921.5166666,4.548254255,0.3812569971,70.50046989,0.4248838084,0.3484251452,5.459935798,0.03185295598,0.6316956006,0.03185295598,0.4271847979,0.5768187556,0.05487684501,2427.416503,760.652286,4469.494957,71.46393499,63.47858619,44.98321506,43.27506111,11.28658458,1.276959754,0.1509780971,0.3349801219,0.003606264068,0.01742323272,
2024/06/17,11:35:12,D:\Data\Riczar\10_Mountains-analysis\ConfoMap_shift-extract files\ISEA-2_STA --- ISEA-Chert-A1_LSM_20x-0.70_ventral_loc1_shift-extract_2000strokes.mnt,ISEA-Chert-A1_LSM_20x-0.70_ventral_loc1_shift-extract_2000strokes > S-filtered (Lambda-s 2.50 µm) > Leveled (LS-plane) > Form removed (LS-poly 8) > Outliers removed > Thresholded (0.100 % ; 99.9 %),100.045928,690,0.1452045399,100.045928,690,0.1452045399,0.1995379122,750.0697139,-0.1556914727,3.433134179,2298.98245,2423.096683,4722.079133,581.3923948,4.111890355,867.8968027,1656.443623,5.219969938,*****,73.74764643,0.4248838084,0.3764939562,5.751872939,0.04369081706,0.9116035875,0.04369081706,0.6312823917,0.8100545875,0.101549,3050.083105,1078.473001,3565.618621,71.52643718,63.52035976,89.99952136,9.334621652,8.154488245,1.993685999,0.4109842446,0.8871419954,0.005868610881,0.01564744046,
2024/06/17,11:35:26,D:\Data\Riczar\10_Mountains-analysis\ConfoMap_shift-extract files\ISEA-2_STA --- ISEA-Chert-A1_LSM_20x-0.70_ventral_loc2_shift-extract_0strokes.mnt,ISEA-Chert-A1_LSM_20x-0.70_ventral_loc2_shift-extract_0strokes > S-filtered (Lambda-s 2.50 µm) > Leveled (LS-plane) > Form removed (LS-poly 8) > Outliers removed > Thresholded (0.100 % ; 99.9 %),100.045928,690,0.1452045399,100.045928,690,0.1452045399,0.2001680319,474.6124638,0.1086218342,4.08534316,1848.785258,1832.090971,3680.876229,363.3533468,3.925171148,565.6958468,943.5454872,4.914709671,0.7111538516,12.99396173,0.4248838084,0.3587014053,5.851416522,0.03041084416,0.5960802015,0.03041084416,0.3872979198,0.5405191783,0.05556102316,2282.099505,742.5681376,4475.013664,179.9962604,135.0239436,44.98152432,71.13272411,12.59101721,1.276959754,0.1333428251,0.340587967,0.001981461565,0.0171217975,
2024/06/17,11:35:40,D:\Data\Riczar\10_Mountains-analysis\ConfoMap_shift-extract files\ISEA-2_STA --- ISEA-Chert-A1_LSM_20x-0.70_ventral_loc2_shift-extract_2000strokes.mnt,ISEA-Chert-A1_LSM_20x-0.70_ventral_loc2_shift-extract_2000strokes > S-filtered (Lambda-s 2.50 µm) > Leveled (LS-plane) > Form removed (LS-poly 8) > Outliers removed > Thresholded (0.100 % ; 99.9 %),100.045928,690,0.1452045399,100.045928,690,0.1452045399,0.1995379122,281.2774191,-0.6460746782,4.400355447,1099.611298,1246.934813,2346.546111,213.9488408,37.94531705,315.1651589,689.5700498,4.861607455,0.3919670156,86.74232452,0.4248838084,0.1645236516,1.291122034,0.01241402558,0.327580507,0.01241402558,0.2278405793,0.2837608364,0.0438196706,1491.552489,396.9566262,3322.086297,90.01223051,63.56008822,134.9934799,48.31263189,2.147054621,2.264313888,0.5352784662,1.338593152,0.003321842505,0.01641491755,
2024/06/17,11:35:54,D:\Data\Riczar\10_Mountains-analysis\ConfoMap_shift-extract files\ISEA-2_STA --- ISEA-Chert-A2_LSM_20x-0.70_dorsal_loc1_shift-extract_0strokes.mnt,ISEA-Chert-A2_LSM_20x-0.70_dorsal_loc1_shift-extract_0strokes > S-filtered (Lambda-s 2.50 µm) > Leveled (LS-plane) > Form removed (LS-poly 8) > Outliers removed > Thresholded (0.100 % ; 99.9 %),100.045928,690,0.1452045399,100.045928,690,0.1452045399,0.199957992,467.8459011,0.2188805376,3.45069149,1819.781866,1386.965782,3206.747648,362.5011449,4.594996402,585.0199528,893.787085,5.745771119,0.6686911115,171.7569531,0.4248838084,0.3246859932,4.934712654,0.02845056464,0.613464696,0.02845056464,0.4012664082,0.5602657239,0.05319897206,1928.726519,716.6069751,4452.017717,179.9864641,135.0297052,90.0042964,73.85408758,10.34122018,1.276959754,0.1303089271,0.2809983399,0.001456079729,0.01804380002,
2024/06/17,11:36:08,D:\Data\Riczar\10_Mountains-analysis\ConfoMap_shift-extract files\ISEA-2_STA --- ISEA-Chert-A2_LSM_20x-0.70_dorsal_loc1_shift-extract_2000strokes.mnt,ISEA-Chert-A2_LSM_20x-0.70_dorsal_loc1_shift-extract_2000strokes > S-filtered (Lambda-s 2.50 µm) > Leveled (LS-plane) > Form removed (LS-poly 8) > Outliers removed > Thresholded (0.100 % ; 99.9 %),100.045928,690,0.1452045399,100.045928,690,0.1452045399,0.199957992,172.9047132,-1.199397615,7.842186139,840.7612499,910.5240543,1751.285304,116.0668504,88.56554387,159.9991148,506.5956652,4.942220522,0.737751333,176.013266,0.4248838084,0.1006562855,0.4956537098,0.009227338546,0.1692278653,0.009227338546,0.1068525456,0.1358837875,0.03334407782,1012.814961,232.0883179,3280.245949,44.96407958,179.9725826,134.9856542,75.56017921,0.8195578453,8.617380664,0.5996739119,2.72545889,0.004275225706,0.01892026487,
2024/06/17,11:36:22,D:\Data\Riczar\10_Mountains-analysis\ConfoMap_shift-extract files\ISEA-2_STA --- ISEA-Chert-A2_LSM_20x-0.70_dorsal_loc2_shift-extract_0strokes.mnt,ISEA-Chert-A2_LSM_20x-0.70_dorsal_loc2_shift-extract_0strokes > S-filtered (Lambda-s 2.50 µm) > Leveled (LS-plane) > Form removed (LS-poly 8) > Outliers removed > Thresholded (0.100 % ; 99.9 %),100.045928,690,0.1452045399,100.045928,690,0.1452045399,0.199957992,349.8896254,0.005892108756,3.190011823,1191.993265,1161.175341,2353.168606,274.2824051,28.03454602,447.0842541,703.6711584,4.673458305,0.8550711355,126.0086235,0.4248838084,0.303619164,4.321962084,0.01751556783,0.4646131539,0.01751556783,0.305459451,0.4228891574,0.0417239965,1599.459414,586.1756967,4574.758912,90.00683647,134.9670835,179.9888471,87.52977867,9.72159104,1.360871583,0.1452310873,0.3296375071,0.0001783596202,0.01762161994,
2024/06/17,11:36:36,D:\Data\Riczar\10_Mountains-analysis\ConfoMap_shift-extract files\ISEA-2_STA --- ISEA-Chert-A2_LSM_20x-0.70_dorsal_loc2_shift-extract_2000strokes.mnt,ISEA-Chert-A2_LSM_20x-0.70_dorsal_loc2_shift-extract_2000strokes > S-filtered (Lambda-s 2.50 µm) > Leveled (LS-plane) > Form removed (LS-poly 8) > Outliers removed > Thresholded (0.100 % ; 99.9 %),100.045928,690,0.1452045399,100.045928,690,0.1452045399,0.1997479521,222.2366466,-1.247141242,5.676776381,548.5773866,1190.113005,1738.690391,161.7456811,95.34299434,241.5628405,605.8156197,5.373929327,0.670449154,163.2450334,0.4248838084,0.1216902676,0.720269765,0.006467010627,0.2480098108,0.006467010627,0.165765062,0.2052423831,0.04276742768,1286.006276,295.5184557,3274.569383,153.5435805,179.9957071,135.0276383,63.31172478,1.113322805,2.413106924,0.4577373686,1.298966214,0.003395016128,0.01899744593,
2024/06/17,11:36:50,D:\Data\Riczar\10_Mountains-analysis\ConfoMap_shift-extract files\ISEA-2_STA --- ISEA-Chert-A2_LSM_20x-0.70_ventral_loc1_shift-extract_0strokes.mnt,ISEA-Chert-A2_LSM_20x-0.70_ventral_loc1_shift-extract_0strokes > S-filtered (Lambda-s 2.50 µm) > Leveled (LS-plane) > Form removed (LS-poly 8) > Outliers removed > Thresholded (0.100 % ; 99.9 %),100.045928,690,0.1452045399,100.045928,690,0.1452045399,0.1997479521,446.8711897,0.1373829545,3.346053946,1669.747062,1411.118555,3080.865617,349.597948,7.213608701,572.9747517,872.5569399,5.343607224,0.497648765,132.5038424,0.4248838084,0.3185341259,4.756884232,0.02506638279,0.5980058427,0.02506638279,0.3835668294,0.5475541307,0.05045171193,1903.730395,691.3021038,4530.891007,134.9954663,89.99859244,179.9922235,59.29340595,10.28649934,1.276959754,0.1046733266,0.3232642325,0.0033047341,0.01757006626,
2024/06/17,11:37:05,D:\Data\Riczar\10_Mountains-analysis\ConfoMap_shift-extract files\ISEA-2_STA --- ISEA-Chert-A2_LSM_20x-0.70_ventral_loc1_shift-extract_2000strokes.mnt,ISEA-Chert-A2_LSM_20x-0.70_ventral_loc1_shift-extract_2000strokes > S-filtered (Lambda-s 2.50 µm) > Leveled (LS-plane) > Form removed (LS-poly 8) > Outliers removed > Thresholded (0.100 % ; 99.9 %),100.045928,690,0.1452045399,100.045928,690,0.1452045399,0.2001680319,217.0311102,-1.181412381,5.746419644,491.4452053,1192.884801,1684.330006,160.114901,96.83000566,243.499822,584.9281091,4.578330861,0.4839816789,176.003693,0.4248838084,0.1251611488,0.7542853303,0.006075002548,0.2495868687,0.006075002548,0.1609509051,0.210185014,0.03940185469,1391.395123,308.7307657,3225.258894,179.9931927,135.0273936,89.98143026,47.88219123,1.104924391,16.2845077,0.4370126652,2.099656438,0.003884469442,0.01879352157,
2024/06/17,11:37:19,D:\Data\Riczar\10_Mountains-analysis\ConfoMap_shift-extract files\ISEA-2_STA --- ISEA-Chert-A2_LSM_20x-0.70_ventral_loc2_shift-extract_0strokes.mnt,ISEA-Chert-A2_LSM_20x-0.70_ventral_loc2_shift-extract_0strokes > S-filtered (Lambda-s 2.50 µm) > Leveled (LS-plane) > Form removed (LS-poly 8) > Outliers removed > Thresholded (0.100 % ; 99.9 %),100.045928,690,0.1452045399,100.045928,690,0.1452045399,0.199957992,370.9137105,0.271348144,3.692200713,1358.530801,1266.30507,2624.835872,285.3168342,14.75912245,460.870003,702.7620405,4.28420749,0.6205756641,92.99536255,0.4248838084,0.3325892503,5.131686924,0.02449609869,0.4853288227,0.02449609869,0.3091264297,0.4450314971,0.0402973256,1811.950618,683.6521478,4540.821122,90.00265526,135.0378189,153.5815098,67.15589643,11.70702008,1.276959754,0.1543495717,0.2684161953,0.003142860219,0.01711442872,
2024/06/17,11:37:33,D:\Data\Riczar\10_Mountains-analysis\ConfoMap_shift-extract files\ISEA-2_STA --- ISEA-Chert-A2_LSM_20x-0.70_ventral_loc2_shift-extract_2000strokes.mnt,ISEA-Chert-A2_LSM_20x-0.70_ventral_loc2_shift-extract_2000strokes > S-filtered (Lambda-s 2.50 µm) > Leveled (LS-plane) > Form removed (LS-poly 8) > Outliers removed > Thresholded (0.100 % ; 99.9 %),100.045928,690,0.1452045399,100.045928,690,0.1452045399,0.1997479521,252.3952303,-0.9424115441,5.188851317,788.8243363,1272.565581,2061.389917,187.540249,84.03910197,268.6226175,647.6668231,4.483820115,0.6073139843,129.0053137,0.4248838084,0.1547683124,1.159198644,0.01083257014,0.2794753809,0.01083257014,0.1963810723,0.2361548022,0.04332057876,1625.739361,389.5634191,3213.784658,134.9910763,116.44457,89.9988453,62.84374932,1.843264857,6.68060102,0.4568285189,1.021401229,0.001568285719,0.01787131382,
2024/06/17,11:37:47,D:\Data\Riczar\10_Mountains-analysis\ConfoMap_shift-extract files\ISEA-2_STA --- ISEA-Chert-A3_LSM_20x-0.70_dorsal_loc1_shift-extract_0strokes.mnt,ISEA-Chert-A3_LSM_20x-0.70_dorsal_loc1_shift-extract_0strokes > S-filtered (Lambda-s 2.50 µm) > Leveled (LS-plane) > Form removed (LS-poly 8) > Outliers removed > Thresholded (0.100 % ; 99.9 %),100.045928,690,0.1452045399,100.045928,690,0.1452045399,0.1997479521,502.5025797,0.279517562,3.305544674,1756.837641,1489.123596,3245.961237,393.8349805,6.98939542,628.7490966,922.7276401,5.508086441,0.762749139,86.98449446,0.4248838084,0.3677099227,6.206777778,0.03172212387,0.6604753096,0.03172212387,0.4442886149,0.6094705017,0.0510048079,2130.034454,807.6502422,4502.139867,44.97403978,90.00580005,135.0052316,88.09891294,13.33755058,1.198221959,0.1181074219,0.2776455108,0.001946620476,0.01800013184,
2024/06/17,11:38:00,D:\Data\Riczar\10_Mountains-analysis\ConfoMap_shift-extract files\ISEA-2_STA --- ISEA-Chert-A3_LSM_20x-0.70_dorsal_loc1_shift-extract_2000strokes.mnt,ISEA-Chert-A3_LSM_20x-0.70_dorsal_loc1_shift-extract_2000strokes > S-filtered (Lambda-s 2.50 µm) > Leveled (LS-plane) > Form removed (LS-poly 8) > Outliers removed > Thresholded (0.100 % ; 99.9 %),100.045928,690,0.1452045399,100.045928,690,0.1452045399,0.2001680319,125.6893978,-1.888692716,11.83801217,433.6089774,843.8239833,1277.432961,77.42042584,99.2331634,122.8499196,355.9842084,4.848556549,0.5449602593,137.505951,0.4248838084,0.07030744532,0.2401689342,0.006648246641,0.1295023544,0.006648246641,0.06672195179,0.1059660101,0.02353634435,896.4890413,153.5178349,3405.007743,179.9929227,134.9977465,90.02168175,57.89056947,0.3728070956,9.787125315,0.3528760475,3.633612622,0.003743922414,0.01924114914,
2024/06/17,11:38:14,D:\Data\Riczar\10_Mountains-analysis\ConfoMap_shift-extract files\ISEA-2_STA --- ISEA-Chert-A3_LSM_20x-0.70_dorsal_loc2_shift-extract_0strokes.mnt,ISEA-Chert-A3_LSM_20x-0.70_dorsal_loc2_shift-extract_0strokes > S-filtered (Lambda-s 2.50 µm) > Leveled (LS-plane) > Form removed (LS-poly 8) > Outliers removed > Thresholded (0.100 % ; 99.9 %),100.045928,690,0.1452045399,100.045928,690,0.1452045399,0.1995379122,599.100478,0.08974298714,3.50781157,2010.126883,2009.020619,4019.147502,463.3590872,4.852014596,739.1954971,1187.129788,5.588307178,0.5677660888,39.24640192,0.4248838084,0.3830320002,6.660496598,0.03564980984,0.7748458018,0.03564980984,0.4998923364,0.7026614475,0.07218435433,2473.563216,888.8310919,4461.617652,44.98642372,0.01985635398,89.97689608,66.72893253,14.09717401,1.360871583,0.2041451641,0.2682415241,0.002067314622,0.01823315539,
2024/06/17,11:38:28,D:\Data\Riczar\10_Mountains-analysis\ConfoMap_shift-extract files\ISEA-2_STA --- ISEA-Chert-A3_LSM_20x-0.70_dorsal_loc2_shift-extract_2000strokes.mnt,ISEA-Chert-A3_LSM_20x-0.70_dorsal_loc2_shift-extract_2000strokes > S-filtered (Lambda-s 2.50 µm) > Leveled (LS-plane) > Form removed (LS-poly 8) > Outliers removed > Thresholded (0.100 % ; 99.9 %),100.045928,690,0.1452045399,100.045928,690,0.1452045399,0.199957992,199.5635967,-1.120497877,7.762554568,668.4935241,1084.404733,1752.898257,129.239044,94.71587063,208.7329033,542.1454269,5.244488787,0.881844915,132.7281267,0.4248838084,0.1218918794,0.711361843,0.01201155952,0.2207375755,0.01201155952,0.1125514935,0.1833078897,0.0374296858,1257.86701,311.296687,3424.613468,135.0085867,44.98626122,89.99667142,84.37739423,1.161016146,2.571677478,1.735702442,5.440934523,0.001811826293,0.01782883288,
2024/06/17,11:38:42,D:\Data\Riczar\10_Mountains-analysis\ConfoMap_shift-extract files\ISEA-2_STA --- ISEA-Chert-A3_LSM_20x-0.70_ventral_loc1_shift-extract_0strokes.mnt,ISEA-Chert-A3_LSM_20x-0.70_ventral_loc1_shift-extract_0strokes > S-filtered (Lambda-s 2.50 µm) > Leveled (LS-plane) > Form removed (LS-poly 8) > Outliers removed > Thresholded (0.100 % ; 99.9 %),100.045928,690,0.1452045399,100.045928,690,0.1452045399,0.1993278723,373.2955774,0.1304662603,3.363724106,1346.912571,1412.991683,2759.904254,292.5545752,16.57296633,469.7575218,716.665921,5.309132538,0.909035834,95.98834542,0.4248838084,0.298273834,4.167954789,0.02122310615,0.4909450077,0.02122310615,0.3224618015,0.4491953868,0.04174962088,1989.226016,620.4392964,4541.099018,90.0040285,134.9453085,63.53150461,90.00201886,9.081508382,1.198221959,0.2199043726,0.3910943823,0.002126748204,0.01756624703,
2024/06/17,11:38:56,D:\Data\Riczar\10_Mountains-analysis\ConfoMap_shift-extract files\ISEA-2_STA --- ISEA-Chert-A3_LSM_20x-0.70_ventral_loc1_shift-extract_2000strokes.mnt,ISEA-Chert-A3_LSM_20x-0.70_ventral_loc1_shift-extract_2000strokes > S-filtered (Lambda-s 2.50 µm) > Leveled (LS-plane) > Form removed (LS-poly 8) > Outliers removed > Thresholded (0.100 % ; 99.9 %),100.045928,690,0.1452045399,100.045928,690,0.1452045399,0.199957992,265.8752479,-0.4937035603,3.634171974,726.9926033,1103.276437,1830.26904,207.1035536,85.72026775,318.9289804,612.1055272,5.845435749,0.7679082069,151.7549448,0.4248838084,0.1632418994,1.292314072,0.01074276055,0.3296904207,0.01074276055,0.2282631368,0.291436844,0.03825357673,1282.097936,415.8461551,3366.476075,153.517709,90.00840924,135.0101618,84.70617733,2.244031669,1.993685999,0.5439291607,0.7338178504,0.0007795246149,0.01788547178,
2024/06/17,11:39:10,D:\Data\Riczar\10_Mountains-analysis\ConfoMap_shift-extract files\ISEA-2_STA --- ISEA-Chert-A3_LSM_20x-0.70_ventral_loc2_shift-extract_0strokes.mnt,ISEA-Chert-A3_LSM_20x-0.70_ventral_loc2_shift-extract_0strokes > S-filtered (Lambda-s 2.50 µm) > Leveled (LS-plane) > Form removed (LS-poly 8) > Outliers removed > Thresholded (0.100 % ; 99.9 %),100.045928,690,0.1452045399,100.045928,690,0.1452045399,0.199957992,380.2260176,0.1163560037,3.259296302,1267.250169,1457.269342,2724.51951,298.1809023,23.01762802,498.5684761,719.0199314,5.073914548,0.7474613936,50.49995251,0.4248838084,0.2917004731,3.999898645,0.02027320162,0.518816984,0.02027320162,0.326238094,0.4766726564,0.04214432755,1843.282178,629.1524913,4499.88903,45.0017652,89.99119211,179.9920403,75.02357557,8.459544798,1.124339164,0.1963856417,0.3220509437,0.002713231388,0.01738277306,
2024/06/17,11:39:24,D:\Data\Riczar\10_Mountains-analysis\ConfoMap_shift-extract files\ISEA-2_STA --- ISEA-Chert-A3_LSM_20x-0.70_ventral_loc2_shift-extract_2000strokes.mnt,ISEA-Chert-A3_LSM_20x-0.70_ventral_loc2_shift-extract_2000strokes > S-filtered (Lambda-s 2.50 µm) > Leveled (LS-plane) > Form removed (LS-poly 8) > Outliers removed > Thresholded (0.100 % ; 99.9 %),100.045928,690,0.1452045399,100.045928,690,0.1452045399,0.1997479521,207.3888182,-1.024914322,5.575975245,629.9036856,1128.26732,1758.171006,155.4124133,94.71500328,234.9640453,513.1683957,5.41254064,0.7021378054,132.253256,0.4248838084,0.1089368989,0.58223668,0.006776785884,0.2417138767,0.006776785884,0.1602207863,0.2065268503,0.03518702644,1203.500331,294.7335041,3287.622197,135.0169171,89.98895625,116.5041965,75.15101841,0.8681318535,1.993685999,0.6933567445,1.17393879,0.001235744284,0.01722637912,
2024/06/17,11:39:38,D:\Data\Riczar\10_Mountains-analysis\ConfoMap_shift-extract files\ISEA-2_STA --- ISEA-Chert-A4_LSM_20x-0.70_dorsal_loc1_shift-extract_0strokes.mnt,ISEA-Chert-A4_LSM_20x-0.70_dorsal_loc1_shift-extract_0strokes > S-filtered (Lambda-s 2.50 µm) > Leveled (LS-plane) > Form removed (LS-poly 8) > Outliers removed > Thresholded (0.100 % ; 99.9 %),100.045928,690,0.1452045399,100.045928,690,0.1452045399,0.1997479521,580.1493965,0.1501747008,2.923839377,1916.265644,1828.583728,3744.849372,461.8251057,6.416870668,768.1771254,1086.006581,5.027987946,0.7258803459,147.5110553,0.4248838084,0.4016166394,7.222915237,0.02893504013,0.7971225677,0.02893504013,0.5239148851,0.7367889666,0.06033360113,2473.61948,951.3307878,4284.220243,135.0036466,89.99038842,0.01092337641,75.07772806,14.86099169,1.360871583,0.1437843542,0.3541446996,0.002306487762,0.01834631789,
2024/06/17,11:39:52,D:\Data\Riczar\10_Mountains-analysis\ConfoMap_shift-extract files\ISEA-2_STA --- ISEA-Chert-A4_LSM_20x-0.70_dorsal_loc1_shift-extract_2000strokes.mnt,ISEA-Chert-A4_LSM_20x-0.70_dorsal_loc1_shift-extract_2000strokes > S-filtered (Lambda-s 2.50 µm) > Leveled (LS-plane) > Form removed (LS-poly 8) > Outliers removed > Thresholded (0.100 % ; 99.9 %),100.045928,690,0.1452045399,100.045928,690,0.1452045399,0.199957992,416.8196852,-0.1313340048,3.10317775,1161.759072,1462.488045,2624.247118,328.7888464,35.16567658,521.2789491,840.3915789,5.108828954,0.6020364443,3.257694511,0.4248838084,0.2544487715,3.018482298,0.0196158748,0.5408969265,0.0196158748,0.3685511522,0.4890053544,0.05189157207,1882.582315,695.0592313,3275.966655,179.9953094,153.5519261,90.00055438,66.69066087,5.369706649,1.545599671,0.6115961143,0.9650930598,0.002648357246,0.01887442646,
2024/06/17,11:40:06,D:\Data\Riczar\10_Mountains-analysis\ConfoMap_shift-extract files\ISEA-2_STA --- ISEA-Chert-A4_LSM_20x-0.70_dorsal_loc2_shift-extract_0strokes.mnt,ISEA-Chert-A4_LSM_20x-0.70_dorsal_loc2_shift-extract_0strokes > S-filtered (Lambda-s 2.50 µm) > Leveled (LS-plane) > Form removed (LS-poly 8) > Outliers removed > Thresholded (0.100 % ; 99.9 %),100.045928,690,0.1452045399,100.045928,690,0.1452045399,0.1997479521,582.9889865,-0.04727409826,3.373645968,2212.008295,1861.19816,4073.206455,454.5137261,2.059641453,699.7576279,1252.991992,5.122651574,0.6269356148,3.992719814,0.4248838084,0.4035064283,7.306819954,0.03183101175,0.731604021,0.03183101175,0.5083024287,0.6588398623,0.07276415874,2685.183709,896.021236,4332.041177,179.9815949,135.0135938,18.50324402,62.22385957,15.22899996,1.360871583,0.1307839456,0.3021718162,0.002353566083,0.01858400691,
2024/06/17,11:40:20,D:\Data\Riczar\10_Mountains-analysis\ConfoMap_shift-extract files\ISEA-2_STA --- ISEA-Chert-A4_LSM_20x-0.70_dorsal_loc2_shift-extract_2000strokes.mnt,ISEA-Chert-A4_LSM_20x-0.70_dorsal_loc2_shift-extract_2000strokes > S-filtered (Lambda-s 2.50 µm) > Leveled (LS-plane) > Form removed (LS-poly 8) > Outliers removed > Thresholded (0.100 % ; 99.9 %),100.045928,690,0.1452045399,100.045928,690,0.1452045399,0.1997479521,485.648784,-0.4969061071,4.962600151,2071.488456,2326.898169,4398.386625,367.8130317,1.178074526,569.6483685,1021.471057,4.390570177,0.5691208678,3.004924113,0.4248838084,0.3307840339,4.718002033,0.02369989867,0.593337074,0.02369989867,0.3973248094,0.5280236879,0.0653133861,2706.862387,764.1177674,3859.995784,179.9960463,135.0179599,153.5726877,56.90973492,8.582160364,1.993685999,0.3527693378,0.7025287269,0.002389776762,0.01862619294,
2024/06/17,11:40:34,D:\Data\Riczar\10_Mountains-analysis\ConfoMap_shift-extract files\ISEA-2_STA --- ISEA-Chert-A4_LSM_20x-0.70_ventral_loc1_shift-extract_0strokes.mnt,ISEA-Chert-A4_LSM_20x-0.70_ventral_loc1_shift-extract_0strokes > S-filtered (Lambda-s 2.50 µm) > Leveled (LS-plane) > Form removed (LS-poly 8) > Outliers removed > Thresholded (0.100 % ; 99.9 %),100.045928,690,0.1452045399,100.045928,690,0.1452045399,0.199957992,397.4414612,0.3657613904,4.163503461,2010.652199,1605.532246,3616.184445,305.6685269,1.401546402,484.641362,715.5713456,5.665132541,0.816242109,58.50057296,0.4248838084,0.2948496226,4.062455939,0.02663034841,0.5112517798,0.02663034841,0.3345310655,0.4697707662,0.04148101357,1875.612214,641.553283,4521.484416,134.9538435,45.01176374,89.98991678,84.44104402,8.83062585,1.055012009,0.1259687066,0.3697069183,0.001504070988,0.01712684689,
2024/06/17,11:40:48,D:\Data\Riczar\10_Mountains-analysis\ConfoMap_shift-extract files\ISEA-2_STA --- ISEA-Chert-A4_LSM_20x-0.70_ventral_loc1_shift-extract_2000strokes.mnt,ISEA-Chert-A4_LSM_20x-0.70_ventral_loc1_shift-extract_2000strokes > S-filtered (Lambda-s 2.50 µm) > Leveled (LS-plane) > Form removed (LS-poly 8) > Outliers removed > Thresholded (0.100 % ; 99.9 %),100.045928,690,0.1452045399,100.045928,690,0.1452045399,0.1997479521,254.8323964,-0.4775112228,3.392791776,661.2761623,958.794126,1620.070288,197.9446314,89.79352011,314.9225099,596.9519249,5.60981181,0.4590295649,129.2546922,0.4248838084,0.1357419971,0.8940081194,0.009258052767,0.3241630229,0.009258052767,0.2161806887,0.2852793891,0.03888363378,1152.08866,377.3320562,3099.478671,116.4443658,135.0050138,89.98892165,70.1012917,1.335148134,2.124695483,0.7135393516,1.468483542,0.004796837325,0.01689488742,
2024/06/17,11:41:02,D:\Data\Riczar\10_Mountains-analysis\ConfoMap_shift-extract files\ISEA-2_STA --- ISEA-Chert-A4_LSM_20x-0.70_ventral_loc2_shift-extract_0strokes.mnt,ISEA-Chert-A4_LSM_20x-0.70_ventral_loc2_shift-extract_0strokes > S-filtered (Lambda-s 2.50 µm) > Leveled (LS-plane) > Form removed (LS-poly 8) > Outliers removed > Thresholded (0.100 % ; 99.9 %),100.045928,690,0.1452045399,100.045928,690,0.1452045399,0.1997479521,393.2685868,-1.886941798,16.78736115,1087.462247,3652.680322,4740.142569,275.7296193,39.44900075,444.706122,688.9075342,4.059312402,0.6334762131,163.262209,0.4248838084,0.345025496,4.883978196,0.01809920133,0.4628244049,0.01809920133,0.2905090456,0.4122261558,0.05059824907,4124.881479,608.2307375,4663.109797,179.9992985,153.5257675,161.4796852,60.26444365,9.81928586,1.545599671,0.2996050548,0.5518550741,0.0009572044683,0.01779701481,
2024/06/17,11:41:16,D:\Data\Riczar\10_Mountains-analysis\ConfoMap_shift-extract files\ISEA-2_STA --- ISEA-Chert-A4_LSM_20x-0.70_ventral_loc2_shift-extract_2000strokes.mnt,ISEA-Chert-A4_LSM_20x-0.70_ventral_loc2_shift-extract_2000strokes > S-filtered (Lambda-s 2.50 µm) > Leveled (LS-plane) > Form removed (LS-poly 8) > Outliers removed > Thresholded (0.100 % ; 99.9 %),100.045928,690,0.1452045399,100.045928,690,0.1452045399,0.2001680319,300.8317699,-1.157458317,11.04888736,1159.191019,2722.273865,3881.464884,214.7530848,26.94548051,321.7398468,628.4909615,4.652956257,0.8901658981,102.7592114,0.4248838084,0.2150333705,1.985897574,0.01698798201,0.3386938135,0.01698798201,0.2242968564,0.2965717154,0.04212209811,2828.11754,478.0092962,3325.121734,89.99923222,45.01281227,135.0276831,86.09374971,3.518206412,2.571677478,0.9558947419,1.24854864,0.0008830971526,0.01730534578,
2024/06/17,11:41:31,D:\Data\Riczar\10_Mountains-analysis\ConfoMap_shift-extract files\ISEA-2_STA --- ISEA-Chert-A5_LSM_20x-0.70_dorsal_loc1_shift-extract_0strokes.mnt,ISEA-Chert-A5_LSM_20x-0.70_dorsal_loc1_shift-extract_0strokes > S-filtered (Lambda-s 2.50 µm) > Leveled (LS-plane) > Form removed (LS-poly 8) > Outliers removed > Thresholded (0.100 % ; 99.9 %),100.045928,690,0.1452045399,100.045928,690,0.1452045399,0.199957992,407.6039046,0.4780967852,3.810090987,1754.612754,1245.027056,2999.639811,314.8534481,4.404593894,523.1170743,698.7697911,5.022293963,0.7701327948,85.99804014,0.4248838084,0.3971570758,7.188059174,0.02708848847,0.5501969968,0.02708848847,0.340925324,0.5099007963,0.04029620045,1839.513371,714.81827,4768.001207,90.00576938,45.00670715,0.01606153019,82.30364749,19.45047074,1.124339164,0.1449430674,0.3044799664,0.001248910665,0.0172245862,
2024/06/17,11:41:45,D:\Data\Riczar\10_Mountains-analysis\ConfoMap_shift-extract files\ISEA-2_STA --- ISEA-Chert-A5_LSM_20x-0.70_dorsal_loc1_shift-extract_2000strokes.mnt,ISEA-Chert-A5_LSM_20x-0.70_dorsal_loc1_shift-extract_2000strokes > S-filtered (Lambda-s 2.50 µm) > Leveled (LS-plane) > Form removed (LS-poly 8) > Outliers removed > Thresholded (0.100 % ; 99.9 %),100.045928,690,0.1452045399,100.045928,690,0.1452045399,0.199957992,299.9539851,-0.8757529975,4.284715367,695.0566922,1364.069915,2059.126608,230.1618085,85.86809336,346.5042759,759.6264834,5.136716476,0.7522675728,176.2633903,0.4248838084,0.1790469726,1.547262038,0.008946841399,0.3554499053,0.008946841399,0.258485445,0.3078644595,0.04758544574,1677.774511,458.8774675,3342.548092,179.9979866,135.0001361,89.99027778,71.29899591,2.544795482,5.519449049,0.3431464088,0.694638982,0.002235273806,0.01852854902,
2024/06/17,11:42:00,D:\Data\Riczar\10_Mountains-analysis\ConfoMap_shift-extract files\ISEA-2_STA --- ISEA-Chert-A5_LSM_20x-0.70_dorsal_loc2_shift-extract_0strokes.mnt,ISEA-Chert-A5_LSM_20x-0.70_dorsal_loc2_shift-extract_0strokes > S-filtered (Lambda-s 2.50 µm) > Leveled (LS-plane) > Form removed (LS-poly 8) > Outliers removed > Thresholded (0.100 % ; 99.9 %),100.045928,690,0.1452045399,100.045928,690,0.1452045399,0.1997479521,498.0260864,-0.03701604089,4.119449317,1973.687324,2272.589961,4246.277285,378.5639538,2.891950113,609.1635192,1003.00974,3.402927398,0.6572552158,30.99961737,0.4248838084,0.6543958419,17.08476614,0.02890424213,0.6380944453,0.02890424213,0.4068749319,0.5760497843,0.06204466099,2940.670566,885.33155,4841.262661,89.97959582,44.99946929,179.988601,60.53274354,54.33868175,1.198221959,0.9341008692,0.9613972494,0.0006494166701,0.01800492596,
2024/06/17,11:42:14,D:\Data\Riczar\10_Mountains-analysis\ConfoMap_shift-extract files\ISEA-2_STA --- ISEA-Chert-A5_LSM_20x-0.70_dorsal_loc2_shift-extract_2000strokes.mnt,ISEA-Chert-A5_LSM_20x-0.70_dorsal_loc2_shift-extract_2000strokes > S-filtered (Lambda-s 2.50 µm) > Leveled (LS-plane) > Form removed (LS-poly 8) > Outliers removed > Thresholded (0.100 % ; 99.9 %),100.045928,690,0.1452045399,100.045928,690,0.1452045399,0.199957992,326.5608547,-0.5726096698,3.733080277,895.5255851,1371.219169,2266.744754,253.2631686,66.86454052,388.3640088,761.8810496,5.566862241,0.6622364611,3.497931696,0.4248838084,0.1972956718,1.818034371,0.01221954142,0.4005776834,0.01221954142,0.2852021782,0.3532007163,0.04737696704,1564.279275,512.8867954,3174.094743,179.9939117,44.99687843,89.9985575,78.6611278,3.074476048,1.647164419,0.7817414655,1.016641094,0.002737484082,0.01804272272,
2024/06/17,11:42:29,D:\Data\Riczar\10_Mountains-analysis\ConfoMap_shift-extract files\ISEA-2_STA --- ISEA-Chert-A5_LSM_20x-0.70_ventral_loc1_shift-extract_0strokes.mnt,ISEA-Chert-A5_LSM_20x-0.70_ventral_loc1_shift-extract_0strokes > S-filtered (Lambda-s 2.50 µm) > Leveled (LS-plane) > Form removed (LS-poly 8) > Outliers removed > Thresholded (0.100 % ; 99.9 %),100.045928,690,0.1452045399,100.045928,690,0.1452045399,0.199957992,1082.493075,0.1207058288,2.977802839,3598.28222,3388.388394,6986.670614,858.1763649,0.9650019793,1417.979826,2053.58473,6.527657115,0.8593596327,50.50781768,0.4248838084,0.6302478927,16.07977551,0.05319015276,1.47111657,0.05319015276,0.9695744322,1.352868522,0.1182480478,4338.760896,1621.511856,4076.717327,89.99379614,179.9926953,63.53570385,87.32989124,30.12229584,1.755403209,0.1044371026,0.4891463649,0.001528887046,0.01725484618,
2024/06/17,11:42:43,D:\Data\Riczar\10_Mountains-analysis\ConfoMap_shift-extract files\ISEA-2_STA --- ISEA-Chert-A5_LSM_20x-0.70_ventral_loc1_shift-extract_2000strokes.mnt,ISEA-Chert-A5_LSM_20x-0.70_ventral_loc1_shift-extract_2000strokes > S-filtered (Lambda-s 2.50 µm) > Leveled (LS-plane) > Form removed (LS-poly 8) > Outliers removed > Thresholded (0.100 % ; 99.9 %),100.045928,690,0.1452045399,100.045928,690,0.1452045399,0.199957992,293.5898859,-0.3962051024,3.670113301,1002.189295,1087.913849,2090.103144,226.5722093,52.99687931,345.4953136,685.0141529,5.803411257,0.7715238488,144.9976892,0.4248838084,0.1620283763,1.274456369,0.01348456914,0.3589209112,0.01348456914,0.2483121661,0.3162998394,0.04262107183,1299.956759,431.6000537,3243.642505,0.01408683586,135.0404557,116.4415199,73.8123629,2.045612131,1.545599671,0.6714189687,0.7402434514,0.002090928387,0.01742315373,
2024/06/17,11:42:57,D:\Data\Riczar\10_Mountains-analysis\ConfoMap_shift-extract files\ISEA-2_STA --- ISEA-Chert-A5_LSM_20x-0.70_ventral_loc2_shift-extract_0strokes.mnt,ISEA-Chert-A5_LSM_20x-0.70_ventral_loc2_shift-extract_0strokes > S-filtered (Lambda-s 2.50 µm) > Leveled (LS-plane) > Form removed (LS-poly 8) > Outliers removed > Thresholded (0.100 % ; 99.9 %),100.045928,690,0.1452045399,100.045928,690,0.1452045399,0.199957992,405.3493324,-0.1225882185,3.406907278,1373.383968,1544.741305,2918.125273,316.6453686,17.1116138,504.6861733,853.4516636,4.578472396,0.6419968049,73.01339081,0.4248838084,0.3417642474,5.431657024,0.01971894768,0.5244126145,0.01971894768,0.3512999747,0.4742215153,0.0501910992,1917.478588,652.9138742,4503.063542,89.98654012,134.9718112,179.9970492,67.92669074,12.43120919,1.124339164,0.1491568804,0.2758310344,0.0008163720675,0.01750088253,
2024/06/17,11:43:11,D:\Data\Riczar\10_Mountains-analysis\ConfoMap_shift-extract files\ISEA-2_STA --- ISEA-Chert-A5_LSM_20x-0.70_ventral_loc2_shift-extract_2000strokes.mnt,ISEA-Chert-A5_LSM_20x-0.70_ventral_loc2_shift-extract_2000strokes > S-filtered (Lambda-s 2.50 µm) > Leveled (LS-plane) > Form removed (LS-poly 8) > Outliers removed > Thresholded (0.100 % ; 99.9 %),100.045928,690,0.1452045399,100.045928,690,0.1452045399,0.1997479521,593.2572698,0.04127808067,3.438445586,1987.143864,1920.765442,3907.909306,456.8100498,5.060444516,711.5182609,1259.505734,5.988795153,0.7259144985,69.25319964,0.4248838084,0.3228873798,4.714065004,0.03627565629,0.7478449149,0.03627565629,0.5109509064,0.674601369,0.07324354592,2528.833469,969.2263164,3310.06903,116.4773591,90.00321732,0.007135107086,70.53137496,7.280795268,1.993685999,0.3037039592,0.7237143614,0.002436671662,0.01692530791,
2024/06/17,11:43:25,D:\Data\Riczar\10_Mountains-analysis\ConfoMap_shift-extract files\ISEA-2_STA --- ISEA-Chert-A6_LSM_20x-0.70_dorsal_loc1_shift-extract_0strokes.mnt,ISEA-Chert-A6_LSM_20x-0.70_dorsal_loc1_shift-extract_0strokes > S-filtered (Lambda-s 2.50 µm) > Leveled (LS-plane) > Form removed (LS-poly 8) > Outliers removed > Thresholded (0.100 % ; 99.9 %),100.045928,690,0.1452045399,100.045928,690,0.1452045399,0.1997479521,344.6654583,0.04005859585,2.989314953,1137.947196,1101.132201,2239.079397,274.6253605,34.55689221,432.192989,678.1525213,5.207950839,0.7222051641,176.7443252,0.4248838084,0.2849300492,3.828272359,0.0178877523,0.4500437618,0.0178877523,0.3113403098,0.411475016,0.03856874588,1444.560448,562.3186716,4549.381893,0.0005691421476,153.534953,135.0443892,72.73768073,8.782684057,1.124339164,0.1157634977,0.3099490718,0.002570584848,0.01879040398,
2024/06/17,11:43:39,D:\Data\Riczar\10_Mountains-analysis\ConfoMap_shift-extract files\ISEA-2_STA --- ISEA-Chert-A6_LSM_20x-0.70_dorsal_loc1_shift-extract_2000strokes.mnt,ISEA-Chert-A6_LSM_20x-0.70_dorsal_loc1_shift-extract_2000strokes > S-filtered (Lambda-s 2.50 µm) > Leveled (LS-plane) > Form removed (LS-poly 8) > Outliers removed > Thresholded (0.100 % ; 99.9 %),100.045928,690,0.1452045399,100.045928,690,0.1452045399,0.1991178324,315.6061638,-0.5194288249,2.962313931,664.2752039,1126.924101,1791.199305,253.6106803,84.90252009,389.1461433,728.2804991,5.060881887,0.508333362,3.745664818,0.4248838084,0.1746635875,1.482395331,0.008572834464,0.3976887043,0.008572834464,0.2961355028,0.3540130172,0.04367568709,1448.30616,500.0121598,3312.170584,179.9976007,90.00310468,116.4662095,46.64501325,2.322439491,11.84608804,0.1901419234,0.5581663284,0.002665745303,0.01879034298,
2024/06/17,11:43:53,D:\Data\Riczar\10_Mountains-analysis\ConfoMap_shift-extract files\ISEA-2_STA --- ISEA-Chert-A6_LSM_20x-0.70_dorsal_loc2_shift-extract_0strokes.mnt,ISEA-Chert-A6_LSM_20x-0.70_dorsal_loc2_shift-extract_0strokes > S-filtered (Lambda-s 2.50 µm) > Leveled (LS-plane) > Form removed (LS-poly 8) > Outliers removed > Thresholded (0.100 % ; 99.9 %),100.045928,690,0.1452045399,100.045928,690,0.1452045399,0.199957992,597.8753114,-0.167190675,4.043924311,2298.42886,2313.119074,4611.547934,457.9154308,1.646395574,721.5923978,1265.622391,5.964912201,0.898162192,2.764705602,0.4248838084,0.4156833818,7.694326617,0.03161136081,0.7532289185,0.03161136081,0.4945483524,0.6773447666,0.07588415197,2916.382931,924.0894987,4357.079743,134.9962575,179.9985006,153.5508139,88.07687522,16.33400672,1.545599671,0.2026313258,0.3845805449,0.0009850013439,0.01798225109,
2024/06/17,11:44:07,D:\Data\Riczar\10_Mountains-analysis\ConfoMap_shift-extract files\ISEA-2_STA --- ISEA-Chert-A6_LSM_20x-0.70_dorsal_loc2_shift-extract_2000strokes.mnt,ISEA-Chert-A6_LSM_20x-0.70_dorsal_loc2_shift-extract_2000strokes > S-filtered (Lambda-s 2.50 µm) > Leveled (LS-plane) > Form removed (LS-poly 8) > Outliers removed > Thresholded (0.100 % ; 99.9 %),100.045928,690,0.1452045399,100.045928,690,0.1452045399,0.199957992,181.067568,-1.695980969,8.896914478,555.869149,1092.22283,1648.091979,123.0417281,96.93426159,177.313906,518.4154453,5.270568486,0.7632135967,122.5028713,0.4248838084,0.1104782068,0.5927493276,0.007822661803,0.1851617338,0.007822661803,0.1170355251,0.1507124041,0.03444932969,1221.914909,239.3910984,3764.860861,89.98786373,134.9940259,179.9831012,80.73918326,1.016333856,1.450297442,0.6474073127,2.504702891,0.001983594252,0.01814942703,
2024/06/17,11:44:21,D:\Data\Riczar\10_Mountains-analysis\ConfoMap_shift-extract files\ISEA-2_STA --- ISEA-Chert-A6_LSM_20x-0.70_ventral_loc1_shift-extract_0strokes.mnt,ISEA-Chert-A6_LSM_20x-0.70_ventral_loc1_shift-extract_0strokes > S-filtered (Lambda-s 2.50 µm) > Leveled (LS-plane) > Form removed (LS-poly 8) > Outliers removed > Thresholded (0.100 % ; 99.9 %),100.045928,690,0.1452045399,100.045928,690,0.1452045399,0.199957992,385.9007254,-0.1956516713,4.887129471,1554.498596,2162.452402,3716.950998,290.9628615,6.924155943,463.9410638,751.5590585,4.909352981,0.7625313749,151.2466031,0.4248838084,0.3056142728,4.298318824,0.02246636296,0.4864563776,0.02246636296,0.3148181158,0.4400375986,0.04641877903,2493.621513,618.3849782,4614.756415,134.9896038,89.99619313,179.9856947,80.01002216,9.06059828,1.360871583,0.2183017142,0.3464534164,0.001910333774,0.01810280184,
2024/06/17,11:44:35,D:\Data\Riczar\10_Mountains-analysis\ConfoMap_shift-extract files\ISEA-2_STA --- ISEA-Chert-A6_LSM_20x-0.70_ventral_loc1_shift-extract_2000strokes.mnt,ISEA-Chert-A6_LSM_20x-0.70_ventral_loc1_shift-extract_2000strokes > S-filtered (Lambda-s 2.50 µm) > Leveled (LS-plane) > Form removed (LS-poly 8) > Outliers removed > Thresholded (0.100 % ; 99.9 %),100.045928,690,0.1452045399,100.045928,690,0.1452045399,0.199957992,344.1526513,-0.07877855972,2.816215998,947.3125706,1163.31468,2110.627251,276.8556263,55.79104643,446.1820559,691.748192,4.582768687,0.5720792843,137.7392314,0.4248838084,0.2430494708,2.820107009,0.01461240307,0.4607420039,0.01461240307,0.3125466974,0.4211950667,0.03954693722,1700.760688,591.1493512,3927.497391,135.0305542,0.003279910548,89.99136982,64.87391044,5.136236397,1.545599671,0.168800854,0.3594699282,0.001923086441,0.01792598541,
2024/06/17,11:44:49,D:\Data\Riczar\10_Mountains-analysis\ConfoMap_shift-extract files\ISEA-2_STA --- ISEA-Chert-A6_LSM_20x-0.70_ventral_loc2_shift-extract_0strokes.mnt,ISEA-Chert-A6_LSM_20x-0.70_ventral_loc2_shift-extract_0strokes > S-filtered (Lambda-s 2.50 µm) > Leveled (LS-plane) > Form removed (LS-poly 8) > Outliers removed > Thresholded (0.100 % ; 99.9 %),100.045928,690,0.1452045399,100.045928,690,0.1452045399,0.1995379122,379.1504522,0.2861162794,3.138702889,1393.78664,1044.053469,2437.840109,299.5466924,14.33031773,492.2173834,685.8843358,4.832681583,0.6821470686,168.0024864,0.4248838084,0.3007675971,4.221286604,0.02199768094,0.5142329836,0.02199768094,0.3350207072,0.4754814641,0.03875151945,1561.791832,660.3071839,4556.316383,89.9910693,179.9972803,135.0103297,71.9180613,9.285812488,1.124339164,0.1425067684,0.3786538124,0.001474758212,0.01807494595,
2024/06/17,11:45:03,D:\Data\Riczar\10_Mountains-analysis\ConfoMap_shift-extract files\ISEA-2_STA --- ISEA-Chert-A6_LSM_20x-0.70_ventral_loc2_shift-extract_2000strokes.mnt,ISEA-Chert-A6_LSM_20x-0.70_ventral_loc2_shift-extract_2000strokes > S-filtered (Lambda-s 2.50 µm) > Leveled (LS-plane) > Form removed (LS-poly 8) > Outliers removed > Thresholded (0.100 % ; 99.9 %),100.045928,690,0.1452045399,100.045928,690,0.1452045399,0.199957992,372.1508064,0.01153521175,3.310389186,1266.422013,1327.38286,2593.804873,293.6989182,22.72259536,463.0002986,718.2854168,4.459626454,0.6120966176,140.7615828,0.4248838084,0.2557131418,3.128960728,0.01997667448,0.4829685059,0.01997667448,0.3285086109,0.4407262338,0.04224227207,1795.079229,645.8746224,3899.703516,90.00502905,134.999295,179.9807205,67.53921543,5.528042134,1.755403209,0.1770446107,0.3152900749,0.003222239858,0.0176733971,
2024/06/17,11:45:17,D:\Data\Riczar\10_Mountains-analysis\ConfoMap_shift-extract files\ISEA-2_STA --- ISEA-Chert-B1_LSM_20x-0.70_dorsal_loc1_shift-extract_0strokes.mnt,ISEA-Chert-B1_LSM_20x-0.70_dorsal_loc1_shift-extract_0strokes > S-filtered (Lambda-s 2.50 µm) > Leveled (LS-plane) > Form removed (LS-poly 8) > Outliers removed > Thresholded (0.100 % ; 99.9 %),100.045928,690,0.1452045399,100.045928,690,0.1452045399,0.199957992,225.6253324,0.5739916196,4.721752756,1155.782522,739.5099726,1895.292494,170.7922389,21.13077048,271.0887139,405.4237724,4.394482777,0.8099782663,47.49962702,0.4248838084,0.2173326937,2.258426014,0.01638725883,0.2874432371,0.01638725883,0.1814304426,0.263638693,0.02380454405,1001.632747,392.6125595,4802.962296,45.00323732,179.9851511,135.0329221,80.75435753,5.230150707,1.055012009,0.2045038887,0.3995931441,1.038441162e-05,0.01769910783,
2024/06/17,11:45:31,D:\Data\Riczar\10_Mountains-analysis\ConfoMap_shift-extract files\ISEA-2_STA --- ISEA-Chert-B1_LSM_20x-0.70_dorsal_loc1_shift-extract_2000strokes.mnt,ISEA-Chert-B1_LSM_20x-0.70_dorsal_loc1_shift-extract_2000strokes > S-filtered (Lambda-s 2.50 µm) > Leveled (LS-plane) > Form removed (LS-poly 8) > Outliers removed > Thresholded (0.100 % ; 99.9 %),100.045928,690,0.1452045399,100.045928,690,0.1452045399,0.1997479521,140.3119681,-1.97445308,12.46220993,421.7251572,1209.286239,1631.011396,93.00394743,99.1354291,134.0935347,366.2317248,5.205747581,0.8034681198,3.752331541,0.4248838084,0.09409166909,0.4198263283,0.006322865154,0.1404963404,0.006322865154,0.08977481676,0.1150387747,0.02545756562,1224.280911,178.2847222,3694.945655,179.9986375,89.9982029,153.5492253,71.76191427,0.7418405424,1.870754607,0.4153855231,1.61926216,0.003340995245,0.01859212532,
2024/06/17,11:45:45,D:\Data\Riczar\10_Mountains-analysis\ConfoMap_shift-extract files\ISEA-2_STA --- ISEA-Chert-B1_LSM_20x-0.70_dorsal_loc2_shift-extract_0strokes.mnt,ISEA-Chert-B1_LSM_20x-0.70_dorsal_loc2_shift-extract_0strokes > S-filtered (Lambda-s 2.50 µm) > Leveled (LS-plane) > Form removed (LS-poly 8) > Outliers removed > Thresholded (0.100 % ; 99.9 %),100.045928,690,0.1452045399,100.045928,690,0.1452045399,0.199957992,243.8586626,0.4255904972,4.217693478,1143.475522,784.7623879,1928.23791,186.5586801,24.70450107,300.0580895,440.9785203,4.006077009,0.6541701975,128.9976533,0.4248838084,0.2376051792,2.709529512,0.01647209446,0.3165556929,0.01647209446,0.2002866841,0.2906868441,0.02586884885,1175.937659,436.660518,4638.204177,135.00156,89.99990655,179.9958347,67.27738921,6.231909044,1.276959754,0.1197418125,0.315869319,0.004373618234,0.018156796,
2024/06/17,11:45:59,D:\Data\Riczar\10_Mountains-analysis\ConfoMap_shift-extract files\ISEA-2_STA --- ISEA-Chert-B1_LSM_20x-0.70_dorsal_loc2_shift-extract_2000strokes.mnt,ISEA-Chert-B1_LSM_20x-0.70_dorsal_loc2_shift-extract_2000strokes > S-filtered (Lambda-s 2.50 µm) > Leveled (LS-plane) > Form removed (LS-poly 8) > Outliers removed > Thresholded (0.100 % ; 99.9 %),100.045928,690,0.1452045399,100.045928,690,0.1452045399,0.199957992,107.7868901,-0.9605403769,6.021000084,360.7338695,704.7151903,1065.44906,79.20443323,99.94338606,123.1360504,253.4456449,5.031594755,0.6522510019,47.74098333,0.4248838084,0.07121595401,0.247272256,0.004417845246,0.1275227264,0.004417845246,0.08615366714,0.1101835961,0.01733913027,734.3743718,152.6568989,3487.910387,44.999426,89.99922841,63.5326764,58.98584174,0.4341052459,1.993685999,0.7005667062,1.321674916,0.004842077244,0.01902017569,
2024/06/17,11:46:13,D:\Data\Riczar\10_Mountains-analysis\ConfoMap_shift-extract files\ISEA-2_STA --- ISEA-Chert-B1_LSM_20x-0.70_ventral_loc1_shift-extract_0strokes.mnt,ISEA-Chert-B1_LSM_20x-0.70_ventral_loc1_shift-extract_0strokes > S-filtered (Lambda-s 2.50 µm) > Leveled (LS-plane) > Form removed (LS-poly 8) > Outliers removed > Thresholded (0.100 % ; 99.9 %),100.045928,690,0.1452045399,100.045928,690,0.1452045399,0.1997479521,601.7219495,-0.281251216,3.175454164,1615.670787,2165.593873,3781.26466,477.3575828,16.53986188,777.3789767,1284.621405,5.55605364,0.1099219856,163.2470095,0.4248838084,0.3398693167,4.896695438,0.02112441752,0.7985029678,0.02112441752,0.540413506,0.7242987715,0.07420419636,2689.346382,715.0508695,4461.762687,153.5636063,135.0079136,161.5251926,10.87593459,9.068680884,1.545599671,0.4795994261,0.8544106303,0.006916096091,0.01944153561,
2024/06/17,11:46:26,D:\Data\Riczar\10_Mountains-analysis\ConfoMap_shift-extract files\ISEA-2_STA --- ISEA-Chert-B1_LSM_20x-0.70_ventral_loc1_shift-extract_2000strokes.mnt,ISEA-Chert-B1_LSM_20x-0.70_ventral_loc1_shift-extract_2000strokes > S-filtered (Lambda-s 2.50 µm) > Leveled (LS-plane) > Form removed (LS-poly 8) > Outliers removed > Thresholded (0.100 % ; 99.9 %),100.045928,690,0.1452045399,100.045928,690,0.1452045399,0.1997479521,301.5530535,-0.4976111845,4.035429937,922.5341242,1157.387341,2079.921465,228.1891613,63.78908358,358.7769107,727.2509008,5.489572625,0.1411467402,155.25947,0.4248838084,0.1492776976,1.076220133,0.01444727758,0.3731936478,0.01444727758,0.2407420475,0.3283614282,0.04483221963,1373.486399,453.8316482,3048.968014,179.9962991,90.00563753,45.00385599,12.92196063,1.629516694,2.124695483,0.5145234952,1.313125008,0.004077824599,0.01875128603,
2024/06/17,11:46:40,D:\Data\Riczar\10_Mountains-analysis\ConfoMap_shift-extract files\ISEA-2_STA --- ISEA-Chert-B1_LSM_20x-0.70_ventral_loc2_shift-extract_0strokes.mnt,ISEA-Chert-B1_LSM_20x-0.70_ventral_loc2_shift-extract_0strokes > S-filtered (Lambda-s 2.50 µm) > Leveled (LS-plane) > Form removed (LS-poly 8) > Outliers removed > Thresholded (0.100 % ; 99.9 %),100.045928,690,0.1452045399,100.045928,690,0.1452045399,0.199957992,450.8820796,-0.2061056129,4.457959227,2017.906661,1782.210248,3800.116909,335.8612178,1.454488251,535.8780089,1011.538703,4.484608268,0.1129746856,137.5129117,0.4248838084,0.2876285438,3.69611086,0.02587067129,0.561771042,0.02587067129,0.3545475065,0.4994887735,0.06228226851,2235.006386,583.843633,4430.691266,90.00160529,135.0297269,116.4556153,17.38131742,7.266408579,1.124339164,0.1898462556,0.3554255959,0.004046328966,0.01789468417,
2024/06/17,11:46:54,D:\Data\Riczar\10_Mountains-analysis\ConfoMap_shift-extract files\ISEA-2_STA --- ISEA-Chert-B1_LSM_20x-0.70_ventral_loc2_shift-extract_2000strokes.mnt,ISEA-Chert-B1_LSM_20x-0.70_ventral_loc2_shift-extract_2000strokes > S-filtered (Lambda-s 2.50 µm) > Leveled (LS-plane) > Form removed (LS-poly 8) > Outliers removed > Thresholded (0.100 % ; 99.9 %),100.045928,690,0.1452045399,100.045928,690,0.1452045399,0.2001680319,229.6273149,-0.8744323717,4.991293367,798.6613214,1098.200827,1896.862149,168.3831574,84.1852651,240.9254195,589.9459235,4.656547884,0.5383340395,129.2454888,0.4248838084,0.1363603561,0.8872567172,0.01151246683,0.2524652235,0.01151246683,0.1778569102,0.2123414485,0.04012377498,1196.165522,356.7022425,2972.918826,135.0072749,116.4454302,89.99760944,46.58586875,1.445258165,3.767524759,0.3444115549,0.9189804285,0.003203886935,0.01893637745,
2024/06/17,11:47:08,D:\Data\Riczar\10_Mountains-analysis\ConfoMap_shift-extract files\ISEA-2_STA --- ISEA-Chert-B2_LSM_20x-0.70_dorsal_loc1_shift-extract_0strokes.mnt,ISEA-Chert-B2_LSM_20x-0.70_dorsal_loc1_shift-extract_0strokes > S-filtered (Lambda-s 2.50 µm) > Leveled (LS-plane) > Form removed (LS-poly 8) > Outliers removed > Thresholded (0.100 % ; 99.9 %),100.045928,690,0.1452045399,100.045928,690,0.1452045399,0.1997479521,261.1504657,0.1677632843,3.405175785,1009.129443,939.7457122,1948.875156,204.8320949,47.33684299,328.4159426,501.9618219,4.38680249,0.5164688916,177.0122417,0.4248838084,0.2143349837,2.203853537,0.01486354868,0.3432897734,0.01486354868,0.2264293146,0.3146275519,0.02866222154,1372.623643,426.9768951,4583.204756,0.004234934013,18.45903209,26.45778366,48.54517569,4.962432447,1.276959754,0.1500881803,0.4871651041,0.00346493889,0.01906075306,
2024/06/17,11:47:22,D:\Data\Riczar\10_Mountains-analysis\ConfoMap_shift-extract files\ISEA-2_STA --- ISEA-Chert-B2_LSM_20x-0.70_dorsal_loc1_shift-extract_2000strokes.mnt,ISEA-Chert-B2_LSM_20x-0.70_dorsal_loc1_shift-extract_2000strokes > S-filtered (Lambda-s 2.50 µm) > Leveled (LS-plane) > Form removed (LS-poly 8) > Outliers removed > Thresholded (0.100 % ; 99.9 %),100.045928,690,0.1452045399,100.045928,690,0.1452045399,0.1993278723,201.3396622,-1.090391287,5.997470503,549.8149812,1100.505774,1650.320755,146.2150541,96.72305554,217.5742858,525.3235385,5.013538816,0.5660548427,8.004565005,0.4248838084,0.1138677653,0.6331884342,0.008439109379,0.2259838494,0.008439109379,0.1487792072,0.1903544582,0.03562939113,1197.331598,309.4906959,3126.514634,0.009488909744,26.48897102,8.182296192,55.23020235,1.011630309,6.26867277,0.3115408048,1.266523291,0.003842906027,0.0192904101,
2024/06/17,11:47:36,D:\Data\Riczar\10_Mountains-analysis\ConfoMap_shift-extract files\ISEA-2_STA --- ISEA-Chert-B2_LSM_20x-0.70_dorsal_loc2_shift-extract_0strokes.mnt,ISEA-Chert-B2_LSM_20x-0.70_dorsal_loc2_shift-extract_0strokes > S-filtered (Lambda-s 2.50 µm) > Leveled (LS-plane) > Form removed (LS-poly 8) > Outliers removed > Thresholded (0.100 % ; 99.9 %),100.045928,690,0.1452045399,100.045928,690,0.1452045399,0.1997479521,344.3259042,0.1970379382,4.259592397,1648.548351,1186.747521,2835.295872,262.861904,3.095765822,412.1762374,685.046289,4.653031923,0.5442492713,176.7451257,0.4248838084,0.2758952804,3.534165424,0.0211459666,0.4333379784,0.0211459666,0.2828648282,0.391362465,0.04197551341,1678.677689,572.2745181,4556.770857,0.0006402337983,89.96578319,13.96670778,46.03601986,7.626988289,1.360871583,0.2506864978,0.6021921537,0.003023037015,0.01890379857,
2024/06/17,11:47:50,D:\Data\Riczar\10_Mountains-analysis\ConfoMap_shift-extract files\ISEA-2_STA --- ISEA-Chert-B2_LSM_20x-0.70_dorsal_loc2_shift-extract_2000strokes.mnt,ISEA-Chert-B2_LSM_20x-0.70_dorsal_loc2_shift-extract_2000strokes > S-filtered (Lambda-s 2.50 µm) > Leveled (LS-plane) > Form removed (LS-poly 8) > Outliers removed > Thresholded (0.100 % ; 99.9 %),100.045928,690,0.1452045399,100.045928,690,0.1452045399,0.1997479521,245.7122828,-0.7300982021,3.951343097,561.5601745,1114.819067,1676.379241,189.4763362,94.75271119,294.1934204,614.1670124,4.518611743,*****,3.746555835,0.4248838084,0.137257933,0.9131804264,0.007866765153,0.3020719204,0.007866765153,0.2147150209,0.2647440292,0.03732789119,1281.612467,390.3757822,3113.784671,0.000665935076,13.97910116,134.9866478,8.316280161,1.507271425,6.68060102,0.4443240455,1.052860265,0.005716837893,0.02006037555,
2024/06/17,11:48:04,D:\Data\Riczar\10_Mountains-analysis\ConfoMap_shift-extract files\ISEA-2_STA --- ISEA-Chert-B2_LSM_20x-0.70_ventral_loc1_shift-extract_0strokes.mnt,ISEA-Chert-B2_LSM_20x-0.70_ventral_loc1_shift-extract_0strokes > S-filtered (Lambda-s 2.50 µm) > Leveled (LS-plane) > Form removed (LS-poly 8) > Outliers removed > Thresholded (0.100 % ; 99.9 %),100.045928,690,0.1452045399,100.045928,690,0.1452045399,0.199957992,384.1405266,-0.09853140706,4.230845303,1309.267273,1643.802769,2953.070042,289.5534296,18.21006046,466.8834511,770.3016447,5.234027049,0.58865017,140.9999112,0.4248838084,0.2738384157,3.414618161,0.02352099485,0.4904334445,0.02352099485,0.3029843902,0.441310366,0.04912307845,1948.342206,567.4166261,4593.145559,134.984094,90.00882591,179.9906451,69.73090284,6.839099434,1.276959754,0.3236708574,0.4591896223,0.001919010289,0.01812199395,
2024/06/17,11:48:18,D:\Data\Riczar\10_Mountains-analysis\ConfoMap_shift-extract files\ISEA-2_STA --- ISEA-Chert-B2_LSM_20x-0.70_ventral_loc1_shift-extract_2000strokes.mnt,ISEA-Chert-B2_LSM_20x-0.70_ventral_loc1_shift-extract_2000strokes > S-filtered (Lambda-s 2.50 µm) > Leveled (LS-plane) > Form removed (LS-poly 8) > Outliers removed > Thresholded (0.100 % ; 99.9 %),100.045928,690,0.1452045399,100.045928,690,0.1452045399,0.199957992,226.9801582,-0.3333376638,3.470236624,677.948331,951.6506965,1629.599028,178.3438369,92.2085003,275.3276919,499.3875768,4.520181668,0.626463032,86.98471805,0.4248838084,0.1578248134,1.173588485,0.01028310977,0.285575185,0.01028310977,0.2001249238,0.2564506165,0.02912456848,1157.404711,381.3962631,3343.450715,89.99995957,134.9782898,0.01919240315,70.95269314,2.049661028,1.870754607,0.5631304139,0.9600712797,0.002058099305,0.01853829706,
2024/06/17,11:48:32,D:\Data\Riczar\10_Mountains-analysis\ConfoMap_shift-extract files\ISEA-2_STA --- ISEA-Chert-B2_LSM_20x-0.70_ventral_loc2_shift-extract_0strokes.mnt,ISEA-Chert-B2_LSM_20x-0.70_ventral_loc2_shift-extract_0strokes > S-filtered (Lambda-s 2.50 µm) > Leveled (LS-plane) > Form removed (LS-poly 8) > Outliers removed > Thresholded (0.100 % ; 99.9 %),100.045928,690,0.1452045399,100.045928,690,0.1452045399,0.1997479521,399.6414068,-0.4079712264,4.482766878,1953.234428,1998.896417,3952.130845,306.1303883,0.9192830441,449.4753063,964.7332654,4.775588341,0.09360074695,145.2427304,0.4248838084,0.2815741349,3.569647184,0.01878803852,0.4682740464,0.01878803852,0.3318770445,0.4122218612,0.05605218526,2292.977771,524.5382771,4522.71356,90.00294338,134.9921932,9.952838856e-05,38.98903812,7.30660065,1.360871583,0.3138759534,0.447272075,0.003894574481,0.01781643977,
2024/06/17,11:48:45,D:\Data\Riczar\10_Mountains-analysis\ConfoMap_shift-extract files\ISEA-2_STA --- ISEA-Chert-B2_LSM_20x-0.70_ventral_loc2_shift-extract_2000strokes.mnt,ISEA-Chert-B2_LSM_20x-0.70_ventral_loc2_shift-extract_2000strokes > S-filtered (Lambda-s 2.50 µm) > Leveled (LS-plane) > Form removed (LS-poly 8) > Outliers removed > Thresholded (0.100 % ; 99.9 %),100.045928,690,0.1452045399,100.045928,690,0.1452045399,0.199957992,251.1677861,-0.6522712026,3.805133489,776.8082114,1135.501784,1912.309996,193.3508205,83.0896187,294.3459317,604.5299498,4.585259299,0.3505616748,87.24126721,0.4248838084,0.1438177916,0.9661218652,0.009189856047,0.3035317908,0.009189856047,0.213799187,0.2642909119,0.03924087898,1369.305281,378.636491,3002.55576,135.0055209,89.99475924,0.004040198275,43.70618125,1.524315068,2.740668051,0.4902505932,1.066692521,0.003625944438,0.01773283556,
2024/06/17,11:48:59,D:\Data\Riczar\10_Mountains-analysis\ConfoMap_shift-extract files\ISEA-2_STA --- ISEA-Chert-B3_LSM_20x-0.70_dorsal_loc1_shift-extract_0strokes.mnt,ISEA-Chert-B3_LSM_20x-0.70_dorsal_loc1_shift-extract_0strokes > S-filtered (Lambda-s 2.50 µm) > Leveled (LS-plane) > Form removed (LS-poly 8) > Outliers removed > Thresholded (0.100 % ; 99.9 %),100.045928,690,0.1452045399,100.045928,690,0.1452045399,0.1995379122,319.0227324,0.1146680302,4.237991487,1461.315747,1329.01899,2790.334737,242.3985411,6.456482507,377.7937458,641.5070738,3.610571629,0.6766946033,4.252779568,0.4248838084,0.366585626,6.154581205,0.01994067683,0.3976610689,0.01994067683,0.2615799794,0.3585871487,0.03907392014,1661.43024,537.2317197,4796.770504,179.9763051,26.46858414,44.98188121,58.5016283,16.71567982,1.055012009,0.1560051154,0.2901407884,0.003889275756,0.01930891549,
2024/06/17,11:49:13,D:\Data\Riczar\10_Mountains-analysis\ConfoMap_shift-extract files\ISEA-2_STA --- ISEA-Chert-B3_LSM_20x-0.70_dorsal_loc1_shift-extract_2000strokes.mnt,ISEA-Chert-B3_LSM_20x-0.70_dorsal_loc1_shift-extract_2000strokes > S-filtered (Lambda-s 2.50 µm) > Leveled (LS-plane) > Form removed (LS-poly 8) > Outliers removed > Thresholded (0.100 % ; 99.9 %),100.045928,690,0.1452045399,100.045928,690,0.1452045399,0.1978575929,113.9716236,-0.407962359,5.037997734,364.9637642,728.2581687,1093.221933,85.34588183,99.94885912,132.2005604,243.3744191,4.975033726,0.7667843566,93.50639363,0.4248838084,0.0790676216,0.3075874371,0.006387477848,0.138624854,0.006387477848,0.09056843322,0.1226922683,0.01593258564,812.3521635,187.5622098,3878.539561,89.99549172,135.0484365,45.00389864,78.75259064,0.5439246804,1.198221959,0.2953399982,0.7315585967,0.001927390573,0.01753973141,
2024/06/17,11:49:27,D:\Data\Riczar\10_Mountains-analysis\ConfoMap_shift-extract files\ISEA-2_STA --- ISEA-Chert-B3_LSM_20x-0.70_dorsal_loc3_shift-extract_0strokes.mnt,ISEA-Chert-B3_LSM_20x-0.70_dorsal_loc3_shift-extract_0strokes > S-filtered (Lambda-s 2.50 µm) > Leveled (LS-plane) > Form removed (LS-poly 8) > Outliers removed > Thresholded (0.100 % ; 99.9 %),100.045928,690,0.1452045399,100.045928,690,0.1452045399,0.1997479521,275.2441014,0.8574827912,6.774451333,1647.570074,1502.281708,3149.851781,202.8969068,1.950602423,313.6576591,473.654758,4.746916667,0.8847463689,176.2479561,0.4248838084,0.2781588266,3.62899098,0.0218362344,0.3354259538,0.0218362344,0.2121419031,0.3078195207,0.02760643304,1716.62478,465.4336114,4854.106138,0.00461954364,134.9698095,44.9650202,84.77681152,8.655369281,1.198221959,0.2078654196,0.4219543463,0.001543677497,0.01826393887,
2024/06/17,11:49:41,D:\Data\Riczar\10_Mountains-analysis\ConfoMap_shift-extract files\ISEA-2_STA --- ISEA-Chert-B3_LSM_20x-0.70_dorsal_loc3_shift-extract_2000strokes.mnt,ISEA-Chert-B3_LSM_20x-0.70_dorsal_loc3_shift-extract_2000strokes > S-filtered (Lambda-s 2.50 µm) > Leveled (LS-plane) > Form removed (LS-poly 8) > Outliers removed > Thresholded (0.100 % ; 99.9 %),100.045928,690,0.1452045399,100.045928,690,0.1452045399,0.1995379122,175.4029433,-0.6333211334,4.866381529,674.3089471,874.8068926,1549.11584,132.9146324,96.05114928,200.9554786,401.9765715,5.459379931,0.8554435962,8.749758174,0.4248838084,0.1227376674,0.7395393787,0.007925703551,0.2088642574,0.007925703551,0.1435564667,0.1835987487,0.02526550867,1005.05364,269.4069331,4009.20327,0.01520617478,90.00653714,26.44882936,84.33271836,1.327337468,1.198221959,0.3160634678,0.5228360144,0.001987156168,0.01823989204,
2024/06/17,11:49:55,D:\Data\Riczar\10_Mountains-analysis\ConfoMap_shift-extract files\ISEA-2_STA --- ISEA-Chert-B3_LSM_20x-0.70_ventral_loc1_shift-extract_0strokes.mnt,ISEA-Chert-B3_LSM_20x-0.70_ventral_loc1_shift-extract_0strokes > S-filtered (Lambda-s 2.50 µm) > Leveled (LS-plane) > Form removed (LS-poly 8) > Outliers removed > Thresholded (0.100 % ; 99.9 %),100.045928,690,0.1452045399,100.045928,690,0.1452045399,0.199957992,187.4447438,0.4364998977,4.765535946,928.4930932,968.0583385,1896.551432,142.8024792,64.2260851,229.6877255,322.0710202,4.750137455,0.8385308021,99.25160253,0.4248838084,0.1827794814,1.614501194,0.01278745244,0.2424942466,0.01278745244,0.1524132761,0.2230264971,0.01946774953,1184.635051,319.8260753,4715.276844,90.00636088,135.0233957,63.54172378,79.91127018,3.875107167,1.124339164,0.2969009119,0.4406989161,0.002460859331,0.01708275732,
2024/06/17,11:50:09,D:\Data\Riczar\10_Mountains-analysis\ConfoMap_shift-extract files\ISEA-2_STA --- ISEA-Chert-B3_LSM_20x-0.70_ventral_loc1_shift-extract_2000strokes.mnt,ISEA-Chert-B3_LSM_20x-0.70_ventral_loc1_shift-extract_2000strokes > S-filtered (Lambda-s 2.50 µm) > Leveled (LS-plane) > Form removed (LS-poly 8) > Outliers removed > Thresholded (0.100 % ; 99.9 %),100.045928,690,0.1452045399,100.045928,690,0.1452045399,0.1997479521,149.1789792,-0.7195880404,6.838717278,638.1788054,944.1385674,1582.317373,107.2885549,98.03933348,161.5811487,332.5308609,5.791133862,0.9027840716,93.51138027,0.4248838084,0.08999401429,0.3991145078,0.008508591146,0.1700857853,0.008508591146,0.111924439,0.1479762168,0.02210956848,1031.414338,222.7609461,3118.929176,89.99222416,63.55605311,135.0083105,90.97203079,0.6782215965,2.264313888,0.6451041186,0.9244682909,0.0007880662344,0.01736237606,
2024/06/17,11:50:22,D:\Data\Riczar\10_Mountains-analysis\ConfoMap_shift-extract files\ISEA-2_STA --- ISEA-Chert-B3_LSM_20x-0.70_ventral_loc2_shift-extract_0strokes.mnt,ISEA-Chert-B3_LSM_20x-0.70_ventral_loc2_shift-extract_0strokes > S-filtered (Lambda-s 2.50 µm) > Leveled (LS-plane) > Form removed (LS-poly 8) > Outliers removed > Thresholded (0.100 % ; 99.9 %),100.045928,690,0.1452045399,100.045928,690,0.1452045399,0.199957992,182.4593767,0.3162314442,3.628935461,788.0119803,586.8025845,1374.814565,141.5388334,88.4717304,228.0151899,338.3343159,4.474331296,0.8229266682,99.01218757,0.4248838084,0.1703617147,1.415420904,0.01153850741,0.2395801517,0.01153850741,0.1560075862,0.2199709725,0.01960917923,800.7668726,319.7105228,4604.484754,90.00237271,135.0411256,116.4559025,80.71493567,3.238660762,1.124339164,0.1626455781,0.3723274411,0.001293468108,0.01715460707,
2024/06/17,11:50:36,D:\Data\Riczar\10_Mountains-analysis\ConfoMap_shift-extract files\ISEA-2_STA --- ISEA-Chert-B3_LSM_20x-0.70_ventral_loc2_shift-extract_2000strokes.mnt,ISEA-Chert-B3_LSM_20x-0.70_ventral_loc2_shift-extract_2000strokes > S-filtered (Lambda-s 2.50 µm) > Leveled (LS-plane) > Form removed (LS-poly 8) > Outliers removed > Thresholded (0.100 % ; 99.9 %),100.045928,690,0.1452045399,100.045928,690,0.1452045399,0.1997479521,172.0422586,-0.3351488995,3.070129196,487.0120287,631.6191667,1118.631195,136.7291276,99.56634588,211.9035785,374.3116355,5.31778187,0.8552636922,98.73771044,0.4248838084,0.1302876074,0.8378861604,0.006686166468,0.2185811741,0.006686166468,0.160268097,0.1967913509,0.02178982315,769.3254815,271.9448944,4118.776801,89.99919079,116.4482432,44.99090909,85.73261946,1.604656049,1.647164419,0.116585703,0.3369690034,0.001557667292,0.01722922195,
2024/06/17,11:50:50,D:\Data\Riczar\10_Mountains-analysis\ConfoMap_shift-extract files\ISEA-2_STA --- ISEA-Chert-B4_LSM_20x-0.70_dorsal_loc1_shift-extract_0strokes.mnt,ISEA-Chert-B4_LSM_20x-0.70_dorsal_loc1_shift-extract_0strokes > S-filtered (Lambda-s 2.50 µm) > Leveled (LS-plane) > Form removed (LS-poly 8) > Outliers removed > Thresholded (0.100 % ; 99.9 %),100.045928,690,0.1452045399,100.045928,690,0.1452045399,0.199957992,320.611167,-0.76330015,7.526721862,1076.723571,2027.085638,3103.809209,231.3131943,37.86340232,382.0078216,637.1067913,5.364591615,0.8199043942,175.9996064,0.4248838084,0.2365744777,2.54198555,0.01696368987,0.3989648454,0.01696368987,0.2349428493,0.3555373161,0.04342752925,2292.540808,478.0282281,4593.745432,179.9974139,45.03132207,134.9968553,81.03257908,4.887825544,1.450297442,0.5475870879,0.8811747007,0.001970065888,0.01781387131,
2024/06/17,11:51:04,D:\Data\Riczar\10_Mountains-analysis\ConfoMap_shift-extract files\ISEA-2_STA --- ISEA-Chert-B4_LSM_20x-0.70_dorsal_loc1_shift-extract_2000strokes.mnt,ISEA-Chert-B4_LSM_20x-0.70_dorsal_loc1_shift-extract_2000strokes > S-filtered (Lambda-s 2.50 µm) > Leveled (LS-plane) > Form removed (LS-poly 8) > Outliers removed > Thresholded (0.100 % ; 99.9 %),100.045928,690,0.1452045399,100.045928,690,0.1452045399,0.2001680319,156.8365647,-1.042246798,6.65020144,528.5308855,924.6055274,1453.136413,111.5327231,98.51351212,165.1655317,396.8086889,4.496330699,0.5006540707,171.2444695,0.4248838084,0.0984427873,0.4717300005,0.007720249775,0.1728916434,0.007720249775,0.1133730852,0.1462795573,0.02661208604,1098.723079,229.2531637,3410.263108,0.01288599916,63.52305936,153.520828,58.35997501,0.7645386977,1.755403209,0.3896573649,1.149020342,0.002443263136,0.0184520756,
2024/06/17,11:51:18,D:\Data\Riczar\10_Mountains-analysis\ConfoMap_shift-extract files\ISEA-2_STA --- ISEA-Chert-B4_LSM_20x-0.70_dorsal_loc2_shift-extract_0strokes.mnt,ISEA-Chert-B4_LSM_20x-0.70_dorsal_loc2_shift-extract_0strokes > S-filtered (Lambda-s 2.50 µm) > Leveled (LS-plane) > Form removed (LS-poly 8) > Outliers removed > Thresholded (0.100 % ; 99.9 %),100.045928,690,0.1452045399,100.045928,690,0.1452045399,0.199957992,211.2424063,-0.01290959374,4.362825367,823.8745425,1228.198819,2052.073362,162.4928042,81.28643414,257.9076801,400.6705721,4.281543124,0.6990748244,3.992317928,0.4248838084,0.2139706077,2.171722151,0.01226246046,0.2701586169,0.01226246046,0.1785081962,0.2464268705,0.02373174648,1439.979326,360.1337477,4852.180032,179.9943351,135.0181392,153.5601489,69.53537761,5.164258546,1.124339164,0.1355839105,0.430548056,0.001364207115,0.01820682833,
2024/06/17,11:51:32,D:\Data\Riczar\10_Mountains-analysis\ConfoMap_shift-extract files\ISEA-2_STA --- ISEA-Chert-B4_LSM_20x-0.70_dorsal_loc2_shift-extract_2000strokes.mnt,ISEA-Chert-B4_LSM_20x-0.70_dorsal_loc2_shift-extract_2000strokes > S-filtered (Lambda-s 2.50 µm) > Leveled (LS-plane) > Form removed (LS-poly 8) > Outliers removed > Thresholded (0.100 % ; 99.9 %),100.045928,690,0.1452045399,100.045928,690,0.1452045399,0.2001680319,157.0463906,-0.8017222354,6.865957855,605.3723185,975.6516557,1581.023974,109.3753974,97.75506343,151.8896731,397.027031,4.77143153,0.519894976,176.0077213,0.4248838084,0.1039806259,0.5315016441,0.01022775863,0.162115555,0.01022775863,0.1102142627,0.1356297522,0.0264858028,1022.898642,245.864178,3499.643263,45.00243822,153.546059,90.00568578,50.58205802,0.9098984333,2.264313888,0.7006720999,1.124657149,0.002842684294,0.01868761994,
2024/06/17,11:51:45,D:\Data\Riczar\10_Mountains-analysis\ConfoMap_shift-extract files\ISEA-2_STA --- ISEA-Chert-B4_LSM_20x-0.70_ventral_loc1_shift-extract_0strokes.mnt,ISEA-Chert-B4_LSM_20x-0.70_ventral_loc1_shift-extract_0strokes > S-filtered (Lambda-s 2.50 µm) > Leveled (LS-plane) > Form removed (LS-poly 8) > Outliers removed > Thresholded (0.100 % ; 99.9 %),100.045928,690,0.1452045399,100.045928,690,0.1452045399,0.2001680319,367.2953888,0.09866426209,3.847541682,1386.683751,1476.998085,2863.681836,280.5605532,13.0904001,448.9095275,748.9147271,4.811672441,0.198790274,129.4940785,0.4248838084,0.2570577655,3.110190165,0.02252902522,0.4714374938,0.02252902522,0.3027415895,0.4273696147,0.04406787917,1802.040006,513.3546812,4475.808054,135.0221887,116.4221708,123.7765503,20.6267536,6.403594432,1.360871583,0.09699766314,0.2781869084,0.001607200594,0.01709435919,
2024/06/17,11:51:59,D:\Data\Riczar\10_Mountains-analysis\ConfoMap_shift-extract files\ISEA-2_STA --- ISEA-Chert-B4_LSM_20x-0.70_ventral_loc1_shift-extract_2000strokes.mnt,ISEA-Chert-B4_LSM_20x-0.70_ventral_loc1_shift-extract_2000strokes > S-filtered (Lambda-s 2.50 µm) > Leveled (LS-plane) > Form removed (LS-poly 8) > Outliers removed > Thresholded (0.100 % ; 99.9 %),100.045928,690,0.1452045399,100.045928,690,0.1452045399,0.1995379122,350.8151485,-0.3002246316,4.072048703,1109.937842,1325.911489,2435.849331,264.0456912,36.7220801,405.5474808,820.157302,5.087725669,0.08259446708,132.7369007,0.4248838084,0.1686912625,1.334784153,0.01949919565,0.4250007541,0.01949919565,0.2779261902,0.3748480901,0.05015266398,1594.638835,492.0245395,2957.433476,134.9718254,116.4969034,90.00361857,7.906387337,1.952392245,1.870754607,0.5164441475,1.459506565,0.004984085075,0.01706672314,
2024/06/17,11:52:13,D:\Data\Riczar\10_Mountains-analysis\ConfoMap_shift-extract files\ISEA-2_STA --- ISEA-Chert-B4_LSM_20x-0.70_ventral_loc2_shift-extract_0strokes.mnt,ISEA-Chert-B4_LSM_20x-0.70_ventral_loc2_shift-extract_0strokes > S-filtered (Lambda-s 2.50 µm) > Leveled (LS-plane) > Form removed (LS-poly 8) > Outliers removed > Thresholded (0.100 % ; 99.9 %),100.045928,690,0.1452045399,100.045928,690,0.1452045399,0.1995379122,337.1249246,0.00868093225,3.583287082,1264.752107,1340.39476,2605.146867,259.798335,19.86740389,430.024469,671.1083883,4.494759999,0.2672476086,140.7450255,0.4248838084,0.2684107578,3.377449944,0.01853698071,0.4485726562,0.01853698071,0.2794948288,0.4074379077,0.04113474848,1594.006474,519.6234177,4448.163439,134.9983032,90.01648201,146.2268548,51.91235102,7.35066518,1.360871583,0.2436027833,0.3879218265,0.002358250272,0.01793981791,
2024/06/17,11:52:27,D:\Data\Riczar\10_Mountains-analysis\ConfoMap_shift-extract files\ISEA-2_STA --- ISEA-Chert-B4_LSM_20x-0.70_ventral_loc2_shift-extract_2000strokes.mnt,ISEA-Chert-B4_LSM_20x-0.70_ventral_loc2_shift-extract_2000strokes > S-filtered (Lambda-s 2.50 µm) > Leveled (LS-plane) > Form removed (LS-poly 8) > Outliers removed > Thresholded (0.100 % ; 99.9 %),100.045928,690,0.1452045399,100.045928,690,0.1452045399,0.199957992,238.8173954,-0.321652969,4.475109606,1111.204484,936.7739201,2047.978404,179.2675174,31.62814912,259.5217497,584.5193995,4.29970513,0.3967315097,110.2478379,0.4248838084,0.1621740958,1.227348621,0.01297934904,0.2725098876,0.01297934904,0.192558708,0.2361796686,0.036330219,1135.377317,341.6550756,3402.933561,135.0033813,89.99644318,116.4926324,39.91705226,2.325748455,2.124695483,0.5818814932,1.111224025,0.004049902874,0.01604710829,
2024/06/17,11:52:41,D:\Data\Riczar\10_Mountains-analysis\ConfoMap_shift-extract files\ISEA-2_STA --- ISEA-Chert-B5_LSM_20x-0.70_dorsal_loc1_shift-extract_0strokes.mnt,ISEA-Chert-B5_LSM_20x-0.70_dorsal_loc1_shift-extract_0strokes > S-filtered (Lambda-s 2.50 µm) > Leveled (LS-plane) > Form removed (LS-poly 8) > Outliers removed > Thresholded (0.100 % ; 99.9 %),100.045928,690,0.1452045399,100.045928,690,0.1452045399,0.1995379122,256.8524287,0.1026490831,3.270373813,978.9023771,831.0602599,1809.962637,202.3459604,52.54343902,326.7141319,501.7221539,4.069993556,0.7203418424,2.762016673,0.4248838084,0.2656308716,3.353928423,0.01361882955,0.34038994,0.01361882955,0.2247330023,0.3117463225,0.02864361755,1155.706103,447.3159293,4629.03698,179.9970852,26.44921693,44.97886532,66.52809076,8.119874341,1.124339164,0.1634424097,0.295046904,0.003009535584,0.01895758824,
2024/06/17,11:52:55,D:\Data\Riczar\10_Mountains-analysis\ConfoMap_shift-extract files\ISEA-2_STA --- ISEA-Chert-B5_LSM_20x-0.70_dorsal_loc1_shift-extract_2000strokes.mnt,ISEA-Chert-B5_LSM_20x-0.70_dorsal_loc1_shift-extract_2000strokes > S-filtered (Lambda-s 2.50 µm) > Leveled (LS-plane) > Form removed (LS-poly 8) > Outliers removed > Thresholded (0.100 % ; 99.9 %),100.045928,690,0.1452045399,100.045928,690,0.1452045399,0.1995379122,191.3525075,-0.3396866929,3.296795332,490.6372354,724.8401118,1215.477347,150.1196631,98.94379475,238.053528,422.9396542,5.06324318,0.7235643672,57.51283772,0.4248838084,0.1217139899,0.7301385436,0.007846873898,0.2459000436,0.007846873898,0.1663521949,0.2198853365,0.02601470711,898.692512,299.1883658,3544.896016,45.02027315,89.99316772,63.48967001,68.64909835,1.279432362,2.124695483,0.1935287996,0.5460770561,0.001057867704,0.01814785449,
2024/06/17,11:53:09,D:\Data\Riczar\10_Mountains-analysis\ConfoMap_shift-extract files\ISEA-2_STA --- ISEA-Chert-B5_LSM_20x-0.70_dorsal_loc2_shift-extract_0strokes.mnt,ISEA-Chert-B5_LSM_20x-0.70_dorsal_loc2_shift-extract_0strokes > S-filtered (Lambda-s 2.50 µm) > Leveled (LS-plane) > Form removed (LS-poly 8) > Outliers removed > Thresholded (0.100 % ; 99.9 %),100.045928,690,0.1452045399,100.045928,690,0.1452045399,0.199957992,445.9928276,0.3212370747,4.108550606,2122.867527,1372.339191,3495.206718,344.855668,1.203281217,539.5638442,860.6781957,5.160536974,0.5879419673,28.25508311,0.4248838084,0.3212542106,4.695823855,0.02817608182,0.5677049369,0.02817608182,0.3726398204,0.5186732624,0.04903167458,1925.214066,692.3906892,4557.563959,179.9996298,44.98762025,26.43711809,66.78932134,10.00943304,1.124339164,0.1442261816,0.5512657641,0.002122170333,0.01844899461,
2024/06/17,11:53:23,D:\Data\Riczar\10_Mountains-analysis\ConfoMap_shift-extract files\ISEA-2_STA --- ISEA-Chert-B5_LSM_20x-0.70_dorsal_loc2_shift-extract_2000strokes.mnt,ISEA-Chert-B5_LSM_20x-0.70_dorsal_loc2_shift-extract_2000strokes > S-filtered (Lambda-s 2.50 µm) > Leveled (LS-plane) > Form removed (LS-poly 8) > Outliers removed > Thresholded (0.100 % ; 99.9 %),100.045928,690,0.1452045399,100.045928,690,0.1452045399,0.199957992,285.3049246,-0.08949679858,3.873408736,1060.393482,1036.675067,2097.068549,217.8702263,41.38125306,333.6041014,621.9917296,5.164000456,0.5407262861,11.74025183,0.4248838084,0.1531206484,1.120362297,0.01690110919,0.3504428727,0.01690110919,0.2346721693,0.3133480594,0.03709481325,1321.157347,426.7442853,3660.680804,90.00608978,26.476398,0.008999403861,46.9807278,1.672664433,13.45410545,0.7135901867,1.195730952,0.002795176858,0.01894748929,
2024/06/17,11:53:37,D:\Data\Riczar\10_Mountains-analysis\ConfoMap_shift-extract files\ISEA-2_STA --- ISEA-Chert-B5_LSM_20x-0.70_ventral_loc1_shift-extract_0strokes.mnt,ISEA-Chert-B5_LSM_20x-0.70_ventral_loc1_shift-extract_0strokes > S-filtered (Lambda-s 2.50 µm) > Leveled (LS-plane) > Form removed (LS-poly 8) > Outliers removed > Thresholded (0.100 % ; 99.9 %),100.045928,690,0.1452045399,100.045928,690,0.1452045399,0.199957992,267.1109572,0.5346499879,4.823362457,1587.711625,819.7386969,2407.450322,205.4198782,2.084141889,323.1304804,492.8112104,4.372221753,0.6212202613,140.9867719,0.4248838084,0.2342228532,2.59570406,0.01774403166,0.3408735101,0.01774403166,0.2261903705,0.3133594506,0.02751405953,1269.74362,456.0701225,4647.416295,89.98801287,135.0013783,0.01569827619,64.75005846,5.754072786,1.124339164,0.3296577187,0.4321460507,0.002292404592,0.01698325571,
2024/06/17,11:53:51,D:\Data\Riczar\10_Mountains-analysis\ConfoMap_shift-extract files\ISEA-2_STA --- ISEA-Chert-B5_LSM_20x-0.70_ventral_loc1_shift-extract_2000strokes.mnt,ISEA-Chert-B5_LSM_20x-0.70_ventral_loc1_shift-extract_2000strokes > S-filtered (Lambda-s 2.50 µm) > Leveled (LS-plane) > Form removed (LS-poly 8) > Outliers removed > Thresholded (0.100 % ; 99.9 %),100.045928,690,0.1452045399,100.045928,690,0.1452045399,0.199957992,218.9675789,-0.1426143942,2.81595681,630.4629778,745.5486962,1376.011674,176.0936734,94.71137586,276.9083238,449.5279025,4.397749351,0.5075379541,86.01074078,0.4248838084,0.1432309695,1.010986484,0.009167966926,0.2860971083,0.009167966926,0.2041626407,0.2605890649,0.02550804348,1097.191056,359.9701798,4012.331079,90.00232121,134.9720857,116.4578575,52.33124212,1.659743912,1.545599671,0.1874300473,0.3637210908,0.003196467037,0.01666921636,
2024/06/17,11:54:05,D:\Data\Riczar\10_Mountains-analysis\ConfoMap_shift-extract files\ISEA-2_STA --- ISEA-Chert-B5_LSM_20x-0.70_ventral_loc2_shift-extract_0strokes.mnt,ISEA-Chert-B5_LSM_20x-0.70_ventral_loc2_shift-extract_0strokes > S-filtered (Lambda-s 2.50 µm) > Leveled (LS-plane) > Form removed (LS-poly 8) > Outliers removed > Thresholded (0.100 % ; 99.9 %),100.045928,690,0.1452045399,100.045928,690,0.1452045399,0.199957992,258.7227431,0.2620633982,3.806203395,1356.390957,936.8351735,2293.226131,200.9784955,8.040395602,322.604957,483.3205001,4.290321484,0.4989981605,129.0065657,0.4248838084,0.2232266407,2.378432248,0.01568637052,0.3383423617,0.01568637052,0.217980691,0.3100863694,0.02825599226,1267.445554,443.6578711,4610.330845,135.0061131,89.99527529,153.508503,60.68241797,5.238798575,1.055012009,0.143068062,0.3747918625,0.002674013161,0.01729908158,
2024/06/17,11:54:19,D:\Data\Riczar\10_Mountains-analysis\ConfoMap_shift-extract files\ISEA-2_STA --- ISEA-Chert-B5_LSM_20x-0.70_ventral_loc2_shift-extract_2000strokes.mnt,ISEA-Chert-B5_LSM_20x-0.70_ventral_loc2_shift-extract_2000strokes > S-filtered (Lambda-s 2.50 µm) > Leveled (LS-plane) > Form removed (LS-poly 8) > Outliers removed > Thresholded (0.100 % ; 99.9 %),100.045928,690,0.1452045399,100.045928,690,0.1452045399,0.199957992,224.0676381,-0.364438815,3.106057612,570.826426,740.9649159,1311.791342,176.1312038,95.80154535,284.253244,514.4805003,4.395807954,0.3381342218,129.2364747,0.4248838084,0.1464516968,1.048349365,0.007946217519,0.2921998352,0.007946217519,0.1987556775,0.2614442424,0.03075559277,1055.645503,355.624102,4035.928131,135.0092949,90.00431344,116.4471718,45.22437724,1.720371316,1.360871583,0.3066338981,0.5708896416,0.004217075419,0.01699904764,
2024/06/17,11:54:33,D:\Data\Riczar\10_Mountains-analysis\ConfoMap_shift-extract files\ISEA-2_STA --- ISEA-Chert-B6_LSM_20x-0.70_dorsal_loc1_shift-extract_0strokes.mnt,ISEA-Chert-B6_LSM_20x-0.70_dorsal_loc1_shift-extract_0strokes > S-filtered (Lambda-s 2.50 µm) > Leveled (LS-plane) > Form removed (LS-poly 8) > Outliers removed > Thresholded (0.100 % ; 99.9 %),100.045928,690,0.1452045399,100.045928,690,0.1452045399,0.199957992,432.1947278,0.0406563421,3.375981712,1435.512632,1580.166875,3015.679507,336.9873788,14.38250003,548.7775151,822.5113114,5.59362405,0.7174377803,151.7499667,0.4248838084,0.2725294377,3.541392255,0.0239110334,0.572708114,0.0239110334,0.3729821475,0.5224432641,0.0502648499,1960.023997,700.2011862,4132.792876,135.0201966,44.98916495,153.5273146,77.95760524,6.715001815,1.360871583,0.1627340499,0.3881904479,0.00191427334,0.01778787296,
2024/06/17,11:54:47,D:\Data\Riczar\10_Mountains-analysis\ConfoMap_shift-extract files\ISEA-2_STA --- ISEA-Chert-B6_LSM_20x-0.70_dorsal_loc1_shift-extract_2000strokes.mnt,ISEA-Chert-B6_LSM_20x-0.70_dorsal_loc1_shift-extract_2000strokes > S-filtered (Lambda-s 2.50 µm) > Leveled (LS-plane) > Form removed (LS-poly 8) > Outliers removed > Thresholded (0.100 % ; 99.9 %),100.045928,690,0.1452045399,100.045928,690,0.1452045399,0.199957992,357.6265383,-0.2139096653,3.334747976,1239.361181,1305.614464,2544.975646,277.740139,24.11901759,459.4265861,749.4965648,5.474904951,0.7008719902,176.2531576,0.4248838084,0.2047226625,2.006878328,0.01546608895,0.4749029685,0.01546608895,0.3117857871,0.4287008454,0.04620212301,1631.651662,599.7737685,3319.394002,0.01323821321,63.51561493,89.99991902,81.10812681,3.249399166,2.264313888,0.3925573451,0.6252962708,0.001429352407,0.01822630645,
2024/06/17,11:55:01,D:\Data\Riczar\10_Mountains-analysis\ConfoMap_shift-extract files\ISEA-2_STA --- ISEA-Chert-B6_LSM_20x-0.70_dorsal_loc2_shift-extract_0strokes.mnt,ISEA-Chert-B6_LSM_20x-0.70_dorsal_loc2_shift-extract_0strokes > S-filtered (Lambda-s 2.50 µm) > Leveled (LS-plane) > Form removed (LS-poly 8) > Outliers removed > Thresholded (0.100 % ; 99.9 %),100.045928,690,0.1452045399,100.045928,690,0.1452045399,0.199957992,389.0624218,-0.1253089282,2.878191356,1147.517278,1483.36993,2630.887208,312.6078238,35.90521516,497.5387665,777.8217008,5.409892407,0.8151896023,129.0021385,0.4248838084,0.2400334827,2.696764365,0.01598262956,0.5134866099,0.01598262956,0.3590092235,0.4687312508,0.04475535911,1829.995058,598.3110027,3873.766208,89.98716926,0.005319762621,134.9810098,78.65628308,4.705717164,1.647164419,0.1989371697,0.5498651469,0.001674270431,0.01786532969,
2024/06/17,11:55:15,D:\Data\Riczar\10_Mountains-analysis\ConfoMap_shift-extract files\ISEA-2_STA --- ISEA-Chert-B6_LSM_20x-0.70_dorsal_loc2_shift-extract_2000strokes.mnt,ISEA-Chert-B6_LSM_20x-0.70_dorsal_loc2_shift-extract_2000strokes > S-filtered (Lambda-s 2.50 µm) > Leveled (LS-plane) > Form removed (LS-poly 8) > Outliers removed > Thresholded (0.100 % ; 99.9 %),100.045928,690,0.1452045399,100.045928,690,0.1452045399,0.1995379122,387.3419301,-0.2669309715,3.441583812,1389.069333,2215.069638,3604.138972,307.3248736,15.89118121,480.8748895,818.5306815,4.883448479,0.6199502637,155.0132253,0.4248838084,0.2528499065,2.699653135,0.01527307451,0.4961563654,0.01527307451,0.3535183581,0.4489482305,0.04720813496,2236.697455,628.6440022,3492.313254,179.9995491,153.5744253,90.00350455,64.54162119,4.95971889,1.993685999,0.5828025418,1.027169854,0.002363731477,0.01785905173,
2024/06/17,11:55:29,D:\Data\Riczar\10_Mountains-analysis\ConfoMap_shift-extract files\ISEA-2_STA --- ISEA-Chert-B6_LSM_20x-0.70_ventral_loc1_shift-extract_0strokes.mnt,ISEA-Chert-B6_LSM_20x-0.70_ventral_loc1_shift-extract_0strokes > S-filtered (Lambda-s 2.50 µm) > Leveled (LS-plane) > Form removed (LS-poly 8) > Outliers removed > Thresholded (0.100 % ; 99.9 %),100.045928,690,0.1452045399,100.045928,690,0.1452045399,0.1997479521,552.1762912,0.4457271784,5.474216708,2393.25479,1727.166963,4120.421752,390.2263934,2.301763885,577.314627,1219.621702,5.374278919,0.5516503623,93.51338899,0.4248838084,0.3581272619,5.269481453,0.048406533,0.6257465098,0.048406533,0.3822195266,0.5514600165,0.07428649329,2489.257188,767.9743356,4325.484684,90.00043791,44.97971983,135.0085105,52.29877641,9.881380411,1.870754607,0.7768772305,0.8047185973,0.002807997086,0.01650800957,
2024/06/17,11:55:43,D:\Data\Riczar\10_Mountains-analysis\ConfoMap_shift-extract files\ISEA-2_STA --- ISEA-Chert-B6_LSM_20x-0.70_ventral_loc1_shift-extract_2000strokes.mnt,ISEA-Chert-B6_LSM_20x-0.70_ventral_loc1_shift-extract_2000strokes > S-filtered (Lambda-s 2.50 µm) > Leveled (LS-plane) > Form removed (LS-poly 8) > Outliers removed > Thresholded (0.100 % ; 99.9 %),100.045928,690,0.1452045399,100.045928,690,0.1452045399,0.199957992,105.7021252,-0.310794076,4.479569381,446.6783918,480.3683115,927.0467032,79.85188595,100,129.3464761,232.7414381,5.348997714,0.5477106682,73.50081538,0.4248838084,0.06468871861,0.2076060988,0.005143929331,0.1344890027,0.005143929331,0.08040898348,0.1194524127,0.01503658998,576.0581978,174.9324844,3553.167146,0.007695868946,90.00237033,135.0050478,80.44356403,0.3397274089,1.647164419,0.5512322057,0.9676802213,0.001893294165,0.01736539397,
2024/06/17,11:55:56,D:\Data\Riczar\10_Mountains-analysis\ConfoMap_shift-extract files\ISEA-2_STA --- ISEA-Chert-B6_LSM_20x-0.70_ventral_loc3_shift-extract_0strokes.mnt,ISEA-Chert-B6_LSM_20x-0.70_ventral_loc3_shift-extract_0strokes > S-filtered (Lambda-s 2.50 µm) > Leveled (LS-plane) > Form removed (LS-poly 8) > Outliers removed > Thresholded (0.100 % ; 99.9 %),100.045928,690,0.1452045399,100.045928,690,0.1452045399,0.199957992,299.60322,0.2589900611,3.308807299,1134.015136,891.8684655,2025.883601,236.2747327,31.493657,373.396115,550.7712644,5.174121849,0.6887475679,79.75090723,0.4248838084,0.2403068715,2.755642693,0.01811308641,0.3915338962,0.01811308641,0.2631433096,0.3602114039,0.03132249227,1333.062261,500.3689223,4490.570727,44.97751276,89.98768046,0.008812235484,76.83093643,6.074084711,1.276959754,0.1411403256,0.3965892142,0.002641091601,0.01702661002,
2024/06/17,11:56:10,D:\Data\Riczar\10_Mountains-analysis\ConfoMap_shift-extract files\ISEA-2_STA --- ISEA-Chert-B6_LSM_20x-0.70_ventral_loc3_shift-extract_2000strokes.mnt,ISEA-Chert-B6_LSM_20x-0.70_ventral_loc3_shift-extract_2000strokes > S-filtered (Lambda-s 2.50 µm) > Leveled (LS-plane) > Form removed (LS-poly 8) > Outliers removed > Thresholded (0.100 % ; 99.9 %),100.045928,690,0.1452045399,100.045928,690,0.1452045399,0.1997479521,199.3018606,-0.4469897563,4.967130514,828.0647397,990.9564203,1819.02116,146.5649593,84.01998964,239.0070468,437.2157077,4.565923221,0.4990893078,86.23947415,0.4248838084,0.1356876161,0.8938866948,0.01050927779,0.2495104438,0.01050927779,0.1566412628,0.2205694388,0.02894100491,1231.027547,325.0621974,3798.042802,90.00174281,116.4523089,135.0157703,45.83974297,1.665621353,1.545599671,0.5618969988,1.039181563,0.002538031802,0.01671276177,
